"fecha","TOTAL NACIONAL-Producción de Petróleo Crudo","TOTAL NACIONAL-PRODUCCIÓN DE PETRÓLEO CRUDO FISCALIZADA (Miles de barriles)","TOTAL NACIONAL-EXPORTACIONES DE PETRÓLEO CRUDO (Miles de barriles)","TOTAL NACIONAL-CRUDO RECIBIDO EN REFINERÍAS Y CONSUMO EN OLEODUCTO (Miles de barriles)","TOTAL NACIONAL-MATERIA PRIMA PROCESADA EN REFINERÍAS (Miles de barriles)","TOTAL NACIONAL-TRANSPORTE POR OLEODUCTOS (Miles de barriles)","TOTAL NACIONAL-PRODUCCIÓN DE DERIVADOS (Miles de barriles)","TOTAL NACIONAL-IMPORTACIÓN DE DERIVADOS (Miles de barriles)","TOTAL NACIONAL-CONSUMO INTERNO DE DERIVADOS (Miles de barriles)","TOTAL EXPORTACIONES DE PETRÓLEO (miles de barriles)","EXPORTACIONES DE PETRÓLEO DE EMPRESAS PÚBLICAS (miles de barriles)","EXPORTACIONES DE PETRÓLEO DE COMPAÑÍAS PRIVADAS (miles de barriles)","EXPORTACIONES DE PETRÓLEO DE MEM (miles de barriles)","TOTAL EXPORTACIONES DE DERIVADOS (miles de barriles)","Exportaciones de Derivados (miles de barriles)","Ingresos de EP PETROECUADOR por Exportaciones (miles de USD)","DIFERENCIA INGRESOS Y EGRESOS (miles de USD)","Precio Promedio Mensual WTI","Precio Promedio Mensual Brent","smoothed"
2007-01-01,16029.77266,15405.696576914,10304.30509,5574.6275,5128.282,14987.3532,5911.75240062341,2387.08142775,5735.71614088548,10304.30509,5713.873,4590.43209,0,1025.898,0.634419593599887,258524.47218,-62364.5790253047,54.42,53.68,NA
2007-02-01,14202.41541,13946.746423086,9210.37639,4890.307,4485.596,13557.95505,4774.07201739048,2048.1717998,5513.6695076999,9210.37639,5656.911,3553.46539,0,825.84,1.50673889339987,296630.79295,-66285.1258077375,59.44,57.56,NA
2007-03-01,14944.46022,14461.753,10304.83802,5180.04097,4733.882,13995.33884,5313.43192244,2897.70006365,5636.43342685733,10304.83802,5137.83,5167.00802,0,1021.885,2.15003779380004,282563.69179,-97316.6079041926,60.93,62.05,NA
2007-04-01,15061.70616,14441.826,9314.54541,4907.763,4456.415,13654.93986,4673.948589,3014.2631505,5225.52375570652,9314.54541,5169.221,4145.32441,0,1020.43,2.88746346016023,322245.47179,-105673.4603262,64.02,67.49,NA
2007-05-01,15862.39327,15350.514,9223.90262,3870.73722,3420.54,14573.02632,4206.39561242,2791.2315503,5307.086,9223.90262,4509.777,4714.12562,0,996.375,6.05282171260001,303183.56967,-122932.655729207,63.68,67.21,NA
2007-06-01,15439.00501,15040.442,11841.7941,4230.384,3853.829,14630.65878,4993.44674616,3201.80567185,5324.88281887781,11841.7941,5632.829,6208.9651,0,800.208,2.75692542320007,363243.70839,-144627.276199345,67.95,71.05,9.65084993162127
2007-07-01,15799.54084,15705.874029144,12238.97607,5372.892,4910.322,15248.52717,5655.6269667,2665.20798785,5692.35936862328,12238.97607,6697.497,5541.47907,0,1631.58,5.24009769140002,527691.53395,-127061.120050955,74.16,76.93,9.65136238720086
2007-08-01,15756.26119,15244.222970856,10209.1579,5416.922,4959.384,15253.48912,6242.13090711048,2336.6225006,5646.92423443462,10209.1579,5802.809,4406.3489,0,1342.88,2.47539332453016,441572.82699,-103228.11723299,72.36,70.76,9.65614341473327
2007-09-01,15505.83919,14891.184,10909.70937,5246.073,4790.526,14263.88476,5550.66514676,3000.49776855,5483.18455257962,10909.70937,6192.302,4717.40737,0,1380.148,2.161064334,483987.8454,-136694.129712615,79.53,77.17,9.66049977665106
2007-10-01,15921.16689,15132.79,10604.825,4651.34404,4176.495,14833.32498,5735.39630622,2850.638936,5853.45580696638,10604.825,5835.69,4769.135,0,1574.303,2.63337926800023,522281.56933,-146588.310230328,85.47,82.34,9.66185317219055
2007-11-01,15541.25651,15424.750478734,9213.75434,5242.447,4775.979,14440.45359,5779.28965514,2482.0071917,5610.65781998286,9213.75434,5210.93,4002.82434,0,1580.831,3.03549266019991,544967.13923,-156262.180007,92.74,92.41,9.65975015086214
2007-12-01,16483.3134,16390.561788442,10722.06489,5668.73,5183.016,15581.06016,6303.2628997,2766.8330716,5678.64860266795,10722.06489,5047.419,5674.64589,0,1215.51,1.14523954219999,488554.99782,-157356.432225012,91.4,90.93,9.65647716453988
2008-01-01,16128.65093,15730.959,12226.19579,5346.66876,4854.732,15844.29152,5637.80742857143,2610.7006699,5672.96466235405,12226.19579,8843.574,3382.62179,0,1544.919,2.02144243072007,794474.75969,-136887.089484607,92.91,92.18,9.65460223702272
2008-02-01,15041.0688,14418.847,12258.00981,4707.776,4241.231,13260.11524,4935.12736680952,1910.75597945,5203.50614048929,12258.00981,7251.697,5006.31281,0,976.64,2.33221862721007,659072.76559,-99333.4354425405,95.35,94.99,9.65376817188489
2008-03-01,15746.48271,15534.274,8925.89522,5389.35,4905.734,15401.80486,5796.75244609333,2661.9391358,5347.69728645857,8925.89522,5424.321,3501.57422,0,1010.965,2.1497864681503,562817.76476,-149835.480809975,105.55,103.64,9.65075340737685
2008-04-01,15308.31666,15036.511,10820.46251,4950.594,4466.52,14791.73946,5540.29211104476,2229.4666007,5477.40221242638,10820.46251,5326.65455,5493.80796,0,1332.105,2.53234964411013,629792.32879,-145517.08802809,112.19,109.07,9.64799520869175
2008-05-01,15467.09476,15117.948,11600.52879,5361.04465333333,4878.251,14377.56063,5408.55755728191,2412.51083385,5710.25957435805,11600.52879,6597.33998,5003.18881,0,1331.218,4.12357766337004,834504.57104,-171117.662731954,125.34,122.8,9.64531778429766
2008-06-01,14844.37884,14568.261,10377.86945,4912.006,4439.939,14433.24244,5463.70719047619,2655.099587,5833.79679582466,10377.86945,6201.1013,4176.76815,0,966.466,3.87468389292007,838069.73885,-252332.827818423,134.14,132.32,9.64145612683066
2008-07-01,15448.03404,15199.973,9707.91381,5161.884,4683.463,14529.68675,5288.33223503143,2938.1375995,5951.77351909052,9707.91381,6142.64718,3565.26663,0,1144.829,4.64197192048005,834401.00232,-239711.247634015,133.53,132.72,9.63872628373738
2008-08-01,15599.346783,15199.818,10551.91877,5424.089,4950.258,14751.17199,6194.89166649429,3144.60499895,5930.70994229167,10551.91877,6563.34303,3988.57574,0,1536.431,2.48727676979956,811522.68592,-229903.246704115,116.76,113.24,9.63244432984662
2008-09-01,14954.90741,14791.243,9543.66873,5403.115,4931.801,14132.4743,6073.09746654799,2779.222968,6056.89404282267,9543.66873,5914.00423,3629.6645,0,1467.58328,2.47892640069995,662357.41223,-197371.956127588,104.7,97.23,9.63066665878952
2008-10-01,15402.82741,15075.81518,10408.06077,5410.77149,4934.228,14492.65662,5756.85812465919,2452.8835159,6222.01830508057,10408.06077,6561.1592,3846.90157,0,1257.833,2.28805515590989,483673.81839,-130063.264091191,76.77,71.58,9.6281635768969
2008-11-01,15049.86627,14918.883,9108.96214,5393.3618,4898.454,14092.79957,5640.70759661545,3030.2332734,5718.44012117552,9108.96214,6429.33743,2636.30296,0,1503.811,1.78864129584031,333056.87162,-78749.0888692586,57.43,52.45,9.62691387699699
2008-12-01,15736.906253,15514.140932,11865.97232,5220.7868,4719.915,14947.36008,5823.97621221987,2644.6068,6137.029,11865.97232,6225.13998,5640.83234,0,1343.286,2.4246917170301,201089.36496,-60118.5674682797,42.13,39.95,9.62635149926424
2009-01-01,15608.86675,15407.96297,10779.9792,5376.6471,4899.421,14796.38279,5866.42891842014,2682.5434758,6058.4555559381,10779.9792,7449.91508,3330.06412,0,1306.419,1.43012866225013,256558.5732,-45995.9041511146,41.54,43.44,9.62378020596617
2009-02-01,13948.90392,13804.70576,9461.23965,4540.39158387097,4110.12,12924.03724,5401.21661134192,2004.5787837,5385.76555147124,9461.23965,5956.96673,3504.27292,0,1029.903,1.86368068439992,199289.44057,-42495.6971731483,39.1,43.32,9.61926075652201
2009-03-01,15414.13534,15265.38545,9584.77577,5268.60432,4788.326,15227.28004,5642.61826744,3030.862,6115.328808147,9584.77577,6785.27429,2799.50148,0,871.972,1.91442500579205,281139.12463,-52258.754202883,48.09,46.54,9.615274635507
2009-04-01,14855.338128,14662.74494,10647.92073,5320.42289,4858.052,13725.70878,5566.6259259619,2748.877,6132.75038399762,10647.92073,6922.66695,3725.25378,0,1386.535,1.72076999897013,342212.69014,-59753.5076659767,49.88,50.18,9.61148530966582
2009-05-01,15236.87459,15040.93195,10174.37078,5197.553,4717.399,14621.96411,5821.16291692,2694.38018965,5981.33960630714,10174.37078,6900.96618,3273.4046,0,969.744,1.80972391844011,402580.89755,-70461.6578606486,59.53,57.3,9.60727472084626
2009-06-01,14744.53833,14523.42064,9077.99673,5193.51465,4727.606,14005.22556,5676.44671775048,2128.15091165,6278.731261148,9077.99673,6400.71395,2677.28278,0,1059.263,1.79621759112001,473911.15448,-59590.9623061072,69.69,68.61,9.60084505002884
2009-07-01,14978.65562,14703.0775124476,10113.5817,5301.921,4839.381,14646.50275,5597.22220383333,2476.1806121,6256.46405733367,10113.5817,7012.30707,3101.27463,0,1171.535,1.69441496319996,465344.90758,-86989.9186552626,64.33,64.44,9.59397289408996
2009-08-01,14775.87299,14525.11207,11354.74009,5421.83778,4943.669,14421.55732,6149.49536999429,3604.8743393,6214.40911767162,11354.74009,8091.53788,3263.20221,0,1144.888,1.39267204773023,602542.23151,-125673.940505,71.09,72.51,9.58913706189396
2009-09-01,14256.40171,14059.563,8891.95591,5182.98261516129,4727.772,12926.54061,5548.5455047381,2667.43579985,6452.06983617543,8891.95591,6959.25604,1932.69987,0,926.195,2.32141338194992,507710.21937,-100550.350640071,69.31,67.65,9.58590097191938
2009-10-01,14718.11695,14501.36483,9439.54694,5358.111,4902.157,14553.94613,5865.55045078095,3127.80436645,6775.45532344457,9439.54694,6313.75902,3125.78792,0,991.43,1.2710216474502,507884.67835,-132450.505139737,75.63,72.77,9.58326887066941
2009-11-01,14308.33221,14120.54377,8579.65654,5041.72102,4574.401,13715.51793,5774.18382876,3360.75037295,7026.252,8579.65654,5733.6812,2845.97534,0,741.493,3.85616136856606,462927.40797,-129302.867366586,78.04,76.66,9.58101730682341
2009-12-01,14568.3682583333,14366.610905,11451.90805,5155.41349,4671.172,13848.58508,5791.18351375905,3988.492,7141.19345016005,11451.90805,8943.06394,2508.84411,0,734.938,1.07272693538414,655083.4145,-179835.030236302,74.62,74.46,9.58087793720005
2010-01-01,14373.31357,14375.42114,9546.81523,5226.83096,4748.011,13743.63089,5628.00584551714,3324.685815,6903.6436,9546.81523,7238.79113,2308.0241,0,726.945,0.342632887428067,579582.6035,-147833.222884744,78.3,76.19,9.58234414122533
2010-02-01,13162.48775,12923.29865,8495.10382,4418.47892,3971.375,12541.87468,4883.66125040762,2836.3477096,6165.72441796324,8495.10382,6033.5613,2461.54252,0,752.48,1.7694259257479,476608.48527,-130066.557781221,76.34,73.64,9.58377958340446
2010-03-01,14827.03032,14602.63526,11296.78212,3350.14885,2865.412,13923.93653,4069.73857115238,3632.25360395,6902.8413505461,11296.78212,8123.69327,3173.08885,0,371.44,2.05807400328405,622937.15429,-151551.507552971,81.25,78.9,9.58632433268679
2010-04-01,14393.46171,14251.90887,11454.59886,3628.65854,3163.91,13631.34254,4054.09352952476,3571.01392415,6323.12319983333,11454.59886,9744.21009,1710.38877,0,778.352,2.27894263358007,791973.4646,-186181.583502759,84.44,84.79,9.59021641771741
2010-05-01,14830.70485,14566.3217,9450.47301,4739.029935,4275.291,14124.29918,4784.23271165333,4687.69083395,6579.21152387114,9450.47301,7816.5311,1633.94191,0,576.55,1.48080612139199,547666.82826,-227744.921298413,73.65,75.57,9.59546283593288
2010-06-01,14719.89965,14566.03083,11792.61988,4934.32064,4473.468,13629.62122,5505.50009316857,3510.24564855,6327.893,11792.61988,8269.65101,3522.96887,0,969.007,1.51166614453018,621262.2751,-149156.540842992,75.29,74.85,9.60051727838377
2010-07-01,15244.52889,14960.03223,9695.88866,5232.886933,4748.092,14694.05011,5854.19738216667,3796.84745245,6515.6976,9695.88866,6776.17547,2919.71319,0,1103.703,2.25519239823984,543658.43648,-153063.401913524,76.11,75.64,9.60694741912981
2010-08-01,15032.59665,14788.66085,9462.62815,4562.01545,4074.893,14267.85875,5176.93877105809,3225.04955415,6303.4773,9462.62815,6397.99069,3064.63746,0,929.616,2.08765416834012,508588.39152,-134885.813672804,76.62,77.07,9.61358320139153
2010-09-01,14698.46461,14686.06271,10965.91037,4633.7136,4177.055,14344.54677,5052.40581283524,4331.16910065,6944.9275,10965.91037,9172.01418,1793.89619,0,522.745,2.17521567190192,650827.31462,-171926.406417376,75.14,77.8,9.61755054213626
2010-10-01,15421.83251,15223.72115,11232.08048,4794.30929,4311.502,15343.69926,6036.77038177333,4004.1562554,7343.157,11232.08048,7630.70688,3601.3736,0,1092.912,3.17121737305979,651140.44162,-194585.871626957,81.89,82.75,9.62162172062519
2010-11-01,15238.102859,14758.79398,9823.40922,4978.14318,4496.792,14014.78054,5403.63203285714,3873.12096755,6737.3875,9823.40922,6930.51564,2892.89358,0,1268.7492,1.30009060284988,632968.91153,-190140.079383713,84.08,85.33,9.62488796770139
2010-12-01,15479.335333,15017.09647,11248.14148,5025.02212,4537.727,14923.96759,5437.11161083048,3435.68761,6886.458,11248.14148,9107.90745,2140.23403,0,1166.3265,2.80560679584005,832830.23274,-179946.57543636,89.15,91.53,9.62561258634608
2011-01-01,15526.29366,15249.13516,10286.98147,5050.64447,4975.02113,15130.3736,5635.37818571429,2480.092477,6639.04327929219,10286.98147,8832.83888,60.5869999999995,1393.55559,923.41115,1.1191074824801,801458.34458,-135140.214167562,89.49,96.35,9.62558677369068
2011-02-01,14253.46926,14050.84176,10677.92341,4292.39468,4228.9245,13953.34967,5109.3851647619,2811.555285,6295.44317207914,10677.92341,9149.32903,85,1443.59438,762.76562,1.72972060003599,831144.80908,-148654.3384585,89.4,103.76,9.62740147603581
2011-03-01,15549.98971,15457.84493,11579.28729,4915.3778,4841.6026,15070.29459,5787.02359428572,3184.4904925,7137.63485701043,11579.28729,9607.25506,197.83289,1774.19934,1190.87014,2.28066317119988,1073925.04123,-226434.473921366,102.99,114.6,9.62824463288856
2011-04-01,15114.10173,14806.04356,8455.08923,4759.22417,4693.46939,14398.49196,5614.88174571429,3831.9766765,6587.34231749009,8455.08923,8363.08923,51.7299999999996,40,806.17812,2.50250134232806,1004846.84325,-284759.120349648,109.89,123.72,9.62891923380711
2011-05-01,15423.53591,15242.74472,10913.71888,4716.49016,4643.64494,14814.41866,5854.66962047619,3575.7390099,6765.09182050124,10913.71888,10193.70183,0,720.01705,779.48701,2.46563472030209,1120178.41417,-304158.858880192,101.19,115.1,9.62829273845853
2011-06-01,14848.45352,14579.52766,10681.29965,4916.88156,4848.70902,14058.30176,6027.99430904762,3057.59229255,6613.03979098748,10681.29965,9201.18807,5.63999999999942,1474.47158,801.02491,2.34289343376406,976136.44549,-220622.401976316,96.21,114.04,9.62850406886204
2011-07-01,15239.8076,14898.95775,10715.94863,5163.35415,5094.37587,14357.59064,6229.11313190476,3498.45564185,6668.22774377295,10715.94863,9463.83654,0,1252.11209,1155.80271,2.80056629914998,1044098.20138,-259657.300670228,97.14,116.889,9.6290341928024
2011-08-01,15363.54325,15186.22278,10008.63467,4966.91821,4916.7563,14735.09656,6299.10919857143,3217.68891465,7008.17264652005,10008.63467,8619.64659,0,1388.98808,1305.59512,2.46764288021996,890618.16528,-247982.971260667,86.3,110.46,9.63098430861367
2011-09-01,14847.93684,14587.47288,10277.38741,4928.44106,4861.89055,14059.03745,6356.06325761905,3609.14473,7101.95977992367,10277.38741,8348.08115,0,1929.30626,1298.26705,3.33860606075996,917454.8701,-270776.307802759,85.6,113.13,9.63060685940134
2011-10-01,15547.18218,15093.20204,9368.74488,4784.23733,4712.85593,14672.371,6142.80393095238,3959.86277,7218.76194882291,9368.74488,7803.99042,2.23300000000017,1562.52246,956.10094,2.73449737930036,886357.67954,-289072.146762599,86.45,109.44,9.63003832546396
2011-11-01,15123.9732,15012.25161,9139.61847,4646.85737,4579.73672,14645.54733,5430.39910142857,3495.44583,7294.44967012143,9139.61847,7383.56373,8.49902999999904,1747.55574,729.41068,1.58438919550599,900813.27616,-258271.471203823,97.11,110.66,9.6300894733454
2011-12-01,15518.6402,15255.4469,9626.99007,4631.11813,4562.69043,14157.5471,5559.41935666667,4298.77427,7283.60706174172,9626.99007,8632.55478,0,994.43529,588.48412,3.7553244607841,967037.26515,-304345.888425011,98.58,107.86,9.63121455774449
2012-01-01,15625.37881,15478.90437,13058.14345,4551.1554,4480.42611,15479.70732,5839.1065508381,3587.23662425,6661.91962585962,13058.14345,12285.91573,0,772.22772,778.37624,1.44618354930401,1305049.38861,-272430.449734425,100.3,110.58,9.63394935307623
2012-02-01,14590.95365,14200.20523,10898.66845,4740.88696,4693.84991,13657.51614,5641.39130773178,2767.268939234,6334.06233776852,10898.66845,8608.17445,0,2290.494,954.60775,4.16979674769004,1002634.5864,-193639.071102459,102.35,119.56,9.63666571101689
2012-03-01,15479.717,15336.90017,9860.66766,4807.18495,4763.44873,14887.28742,5777.9428018678,2934.750155779,6882.92304029438,9860.66766,8692.52507,0,1168.14259,777.66083,3.46740476149603,1067758.04919,-242595.817310847,106.31,125.33,9.63858237483319
2012-04-01,15011.338119,14747.4638,10300.46713,4866.29916,4800.92028,14244.01927,6115.32085094818,3215.730582516,6536.04221162762,10300.46713,9238.60397,0,1061.86316,1408.79274,2.27269082217003,1189984.18214,-283432.253650571,103.35,119.71,9.63880518743558
2012-05-01,15433.00539,15206.089997,11437.85788,4766.9799,4686.31397,14993.83186,6457.33872800152,4149.701849432,7140.38918580548,11437.85788,9885.40001,0,1552.45787,1148.89742,4.67573804446033,1118307.4755,-316555.940194568,94.45,110.27,9.63881114889429
2012-06-01,15050.28206,14729.55773,10264.33016,4788.237017,4728.13217,14554.12161,5877.45950900681,3961.45986,6963.24658643933,10264.33016,9337.65505,0,926.67511,1158.06258,3.89667874585984,908799.11529,-295379.694581531,82.33,95.19,9.63927107050294
2012-07-01,15748.23774,15548.34735,10177.89412,4309.2124,4235.81195,15175.23575,5963.21169554467,3329.00845,7038.86854879486,10177.89412,8539.34331,0,1638.55081,742.86955,3.46121965950806,841949.68651,-239360.860087323,87.79,102.59,9.63943644373126
2012-08-01,15872.589278,15616.5256,11302.72165,4802.41,4739.95642,15294.74877,5871.92539497743,3793.64674,7414.52138555419,11302.72165,10058.69375,0,1244.0279,766.29588,3.93113045623988,1042719.29044,-301992.229572592,94.08,113.48,9.63753860434413
2012-09-01,15193.39643,14902.529549,11460.39961,4549.74149,4481.54349,14546.31149,6119.38922535305,3657.46355,7125.68560024629,11460.39961,9435.31634,0,2025.08327,745.17706,2.19545231510801,1021368.43554,-313034.161460245,94.55,112.86,9.6383495636891
2012-10-01,15588.8071,15332.49332,10421.79786,4758.867179086,4687.733711432,14923.06598,5904.26586714905,3880.2472338125,7961.66823801295,10421.79786,9017.48515,0,1404.31271,351.1178,3.67363476180998,888023.13924,-329625.848117075,89.47,111.61,9.64086733934246
2012-11-01,15125.05517,14727.73288,9278.00729,4901.22439,4823.87496,14388.12097,5749.3686171101,3896.23227,7456.94572642048,9278.00729,8137.48452,0,1140.52277,516.79937,2.94188871958795,796442.33853,-322999.011550633,86.59,109.11,9.64473871126988
2012-12-01,15604.52528,15408.27364,11054.96556,4531.78409,4460.57643,15251.38559,6277.08596772695,3842.71674,7751.83754341729,11054.96556,9084.47768,0,1970.48788,689.19026,4.97689601076195,915115.35292,-294621.298631515,88.23,109.29,9.64837362302404
2013-01-01,15656.41783,15491.6687,10507.93187,4968.36842,4898.49605,15570.9576,5996.51806058333,3278.88693,7581.51699917143,10507.93187,9145.25464,0,1362.67723,381.08509,55.979011248593,956260.72233,-245871.934636862,94.77,113.01,9.65194308880256
2013-02-01,14262.41351,13928.24684,11703.73844,3169.84539,3092.40119,13512.28421,4787.001551958,4174.41358,6570.95224875714,11703.73844,10298.54472,0,1405.19372,347.26568,13.23257291428,1073277.53976,-352876.312203491,95.31,116.29,9.65584832857621
2013-03-01,15631.09342,15279.13044,11931.45129,3583.50626,3511.49968,14830.8551,4992.34154399043,4275.05505,6846.89956291191,11931.45129,10548.36475,0,1383.08654,556.3777,107.137932315854,1086487.61595,-365807.349528823,92.87,108.37,9.66043611348572
2013-04-01,15471.80133,15236.23276,10306.7654,3668.76876,3594.19695,14878.69694,5029.17467422709,3683.82048,7359.26388664762,10306.7654,9074.57476,0,1232.19064,526.65203,36.0524015966579,920108.79998,-284034.860077051,91.97,102.17,9.66635841359532
2013-05-01,16166.88293,16075.84661,10899.18329,5032.09556,4965.01912,15736.09727,6068.95017721848,3701.85584,7815.7985662881,10899.18329,9865.34558,0,1033.83771,364.61936,57.179329361273,987219.51823,-279358.189999525,94.6,102.53,9.67284656638246
2013-06-01,15721.28731,15398.04162,11386.33149,4486.49369,4419.53381,14742.43212,5915.68250062048,4533.10975,7262.71777979762,11386.33149,9833.35102,0,1552.98047,382.30675,10.159926943978,966887.74836,-347319.813288883,95.74,102.92,9.67996081733316
2013-07-01,16437.44656,16033.20111,12568.55544,4829.67199,4746.29244,16243.83617,6555.76088961747,3206.89959,7533.71154876667,12568.55544,11212.16781,0,1356.38763,759.7336,112.043381916545,1208801.94875,-238268.80895985,104.51,107.96,9.68708762222188
2013-08-01,16634.12909,16402.49126,12027.39048,4766.79901,4687.03553,16082.67408,6225.37375703625,4977.73087,7557.73588433809,12027.39048,10687.61022,0,1339.78026,905.67792,88.042325654032,1134210.6088,-354729.269845504,106.55,111.27,9.69360252372683
2013-09-01,16053.29793,15891.68925,12721.65259,4811.18185,4729.35717,15648.90658,6190.68779027005,4279.181490725,7520.5852730881,12721.65259,11324.01022,0,1397.64237,1104.94637,81.3211314416999,1212871.46108,-303675.090743248,106.26,111.9,9.70183935899655
2013-10-01,16736.98204,16371.58035,11599.86619,4622.56104,4543.74607,16357.30539,6211.72262174614,4681.424322932,7945.52240571191,11599.86619,10276.9325,0,1322.93369,1117.99572,116.67830580096,1054159.20028,-324894.760183506,100.41,109.04,9.70873071080296
2013-11-01,16349.71531,16064.93826,11489.37678,4588.43367,4511.12108,15376.4313,6184.86008698628,3991.5617864565,8080.44693916667,11489.37678,10241.28283,0,1248.09395,732.87942,62.7008354438909,936839.84766,-278763.405402398,93.76,107.97,9.7138094325715
2013-12-01,16995.21724,16711.89289,13102.793,3734.355371,3651.096023,16326.1211,5431.59092617443,3835.50295,8293.77026333333,13102.793,11624.61552,0,1478.17748,0,4.637270014234,1054755.60722,-291252.750642954,97.72,110.81,9.71863331622061
2014-01-01,17054.3035,16878.0173,11572.41624,4883.18717,4806.625,15606.94566,6053.05425238095,5413.64301,7959.20250049886,11572.41624,10217.95665,0,1354.45959,170.58118,57.728162394788,953477.54036,-392881.793594841,94.9,108.26,9.72294442002026
2014-02-01,15422.17593,15081.44813,11127.88495,4166.3753010226,4099.6966957556,14291.91206,5493.53638227157,3737.15327,7536.83222738719,11127.88495,9702.72269,0,1425.16226,568.95321,40.185511575826,1011176.91311,-293521.512578436,100.78,108.87,9.72626699836774
2014-03-01,17255.03736,16946.56534,13100.92804,4206.2351532772,4131.9295398254,15618.94949,5711.1811438101,4479.92383,7839.04362274852,13100.92804,12017.6278,0,1083.30024,547.51954,73.426147654763,1214307.80972,-357423.805009849,100.53,107.55,9.7286931660722
2014-04-01,16805.65303,16584.39419,8569.34499,4357.506872464,4294.562503313,16199.6452,5905.56198373495,3982.77898,7796.09994371886,8569.34499,7523.898,0,1045.44699,355.42322,26.653019126686,775868.6603,-305020.203958397,102.02,107.69,9.73132590326877
2014-05-01,17182.81141,16929.925,15573.33458,4338.3495013451,4266.0631651349,16729.81794,5715.4025157037,4648.86663,7869.79431393238,15573.33458,13923.75622,0,1649.57836,189.43244,47.290871951708,1353938.89837,-334714.722736525,102.03,109.67,9.73400935591371
2014-06-01,16658.194831,16364.57065,13043.60942,4905.42282,4826.671,14919.35663,6545.17519246467,4209.9103291745,7384.56922983191,13043.60942,12094.98641,0,948.62301,0,5.183659992108,1200221.68015,-321561.609338074,105.24,111.66,9.73594228235897
2014-07-01,17310.18929,17053.33652,12778.46766,3904.73619,3825.407,16570.76157,5710.44621273271,4035.5267738575,7635.35498674619,12778.46766,11384.68247,0,1393.78519,0,5.681849088578,1038659.65304,-284239.607746209,102.87,106.64,9.73708324964605
2014-08-01,17310.74651,17108.05871,14624.02117,3659.49862,3576.21818,16765.70104,5449.79557677105,5010.74302,7669.02943402919,14624.02117,13465.80638,0,1158.21479,0,4.901675597442,1161644.87148,-333431.830066703,96.38,101.56,9.73743560860436
2014-09-01,16527.54395,16262.48808,12376.95914,3649.85024,3623.00736,15857.65523,5166.38948594538,4393.12818,7913.41921339681,12376.95914,11068.70074,0,1308.2584,0,14.2254708982516,924261.05956,-304009.782900836,93.36,97.3,9.73685110204617
2014-10-01,17274.19226,16960.23532,13834.08202,2039.20815,1965.84306,16030.33569,4168.0283776601,5504.8038584455,8384.87531976071,13834.08202,12328.65826,0,1503.77876,0,7.693664692545,903051.52506,-367264.411989327,84.43,87.41,9.7350017088888
2014-11-01,16884.76805,16620.17353,14722.22463,2900.97899,2813.84244,16551.48487,4658.64674391695,5930.7395731025,8107.98652273543,14722.22463,13199.0017,0,1523.22293,418.3506,85.248811693984,835632.46449,-354009.131195378,76.04,78.9,9.73331712370121
2014-12-01,17394.03068,17053.28137,13336.48079,3611.5643925059,3527.5504766475,16491.80406,5408.45974580365,5798.1882793155,8552.85044299524,13336.48079,11726.39175,0,1610.08904,373.65253,65.531032561039,544458.82971,-251087.630471811,59.5,62.53,9.7311538447231
2015-01-01,17289.41015,17024.99255,14451.4683,3420.64712,3346.24579,17083.69647,5252.97229557733,4925.6333997075,7888.55619482591,14451.4683,12496.63605,0,1954.83225,203.32283,45.603399436092,528169.65707,-221939.705989558,47.29,47.86,9.72802205288969
2015-02-01,15487.52369,15215.1832,11666.81812,3387.97509,3316.48275,14993.75189,4821.425304886,4706.4279578715,6903.69332061038,11666.81812,9530.96739,0,2135.85073,798.15451,185.253895290376,436030.59389,-189211.511196557,50.76,58.13,9.72478443431619
2015-03-01,17134.43263,16875.99023,13676.87018,4082.2339616392,4000.0169433375,16481.21957,5733.0639758811,4005.52214,7883.74058880857,13676.87018,12083.8079,0,1593.06228,581.44228,117.591185496626,546394.86399,-138274.81559367,47.77,55.93,9.72295804712645
2015-04-01,16436.798,16179.4057,10095.74015,4010.4360683683,3934.6916247863,15659.19229,5425.84867436401,5019.6117168725,7466.99244262119,10095.74015,8915.90786,0,1179.83229,409.7791,102.021174694995,519748.04417,-166136.529509905,54.43,59.5,9.72002874800952
2015-05-01,16838.94781,16543.86246,13199.79812,3436.732675206,3364.297930142,15797.12404,5424.84574032262,4678.7982996995,7689.51861310462,13199.79812,12139.66838,0,1060.12974,594.11055,121.406742365602,722341.30075,-182457.801411165,59.28,64.32,9.71611461707979
2015-06-01,16231.32358,15991.11355,12154.30669,3461.1958911443,3394.0721227841,16227.79482,5380.48768442739,4791.980411902,7499.78954321271,12154.30669,10231.92833,0,1922.37836,592.25468,164.139873704218,584573.36916,-172823.481523672,59.81,61.69,9.71187657704237
2015-07-01,16671.71886,16393.05973,14618.2347,3676.46516,3602.62322,16810.97572,5593.40248341434,4261.3338539425,7781.97497988762,14618.2347,13229.03006,0,1389.20464,600.33965,169.154427883596,575647.32484,-150183.52175765,51.17,56.54,9.70828794447318
2015-08-01,16651.09652,16405.01125,14460.78412,3675.5796697959,3599.0482624791,16828.16861,5578.32104315209,5004.9932840285,7867.12834694829,14460.78412,12544.70005,0,1916.08407,764.67076,132.447336759196,489645.91128,-137730.979047713,42.77,46.72,9.70915359441542
2015-09-01,16169.25619,15900.54218,12346.40933,3366.0256373166,3287.7803060137,16280.45288,5222.78256446601,4631.8915036805,7776.31176483914,12346.40933,10313.40296,0,2033.00637,0,53.629696229538,413754.44694,-116179.074181673,45.48,47.61,9.70897126812173
2015-10-01,16677.52528,16410.45035,11194.88585,3548.0688174416,3459.9773107711,16834.53631,5509.00964642016,5052.1887186465,8217.29260670338,11194.88585,9519.4708,0,1675.41505,374.87071,117.258821703308,373393.34707,-104505.465546263,46.26,48.56,9.71006012561779
2015-11-01,16110.03461,15799.58022,12024.52393,3666.046960587,3603.1187848271,16224.05257,5211.25203149296,5111.607923762,7528.53633193071,12024.52393,10226.71247,0,1797.81146,190.55616,49.692291647126,324617.14581,-82813.6912361222,42.67,44.3,9.71195234552575
2015-12-01,16531.54878,16211.72182,11875.2573,5202.5263732353,5134.584732206,16506.6222,6849.82318769583,3889.914116083,8296.89694321995,11875.2573,10132.72472,0,1742.53258,583.39579,160.581866767216,285944.64472,-50800.9283637342,37.23,38.16,9.71332982215078
2016-01-01,16560.66977,16301.77105,12632.84051,4954.658073251,4897.9741495851,15938.99742,6497.65427622162,4443.245259608,7526.63526752448,12632.84051,10911.75202,0,1721.08849,923.92538,145.12428672194,253130.0842966,-31007.8775434756,31.46,30.75,9.71460059624662
2016-02-01,15649.24348,15352.69242,10475.85317,4790.4215269688,4769.1213547947,14675.37752,6072.42469837397,3842.8973938185,7209.16906540914,10475.85317,9242.62332,0,1233.22985,926.67073,156.39499069951,225957.143482,-11507.4529789992,30.33,32.46,9.71640110859325
2016-03-01,17096.98492,16817.19545,11868.36,5394.0100627981,5349.2625156773,16283.36595,6867.52834742702,3779.8353941745,7475.64001776567,11868.36,10110.26967,0,1758.09033,759.10368,150.325775123784,304885.75294,-28651.7895235113,37.77,38.51,9.71956952254888
2016-04-01,16652.97521,16327.18118,10072.9206,4863.5569968308,4802.6014814162,16297.21169,6131.10682084121,3297.767455428,6955.51793312943,10072.9206,9181.00397,0,891.91663,1527.05007,214.01094622289,353894.97757,-36116.0349814188,40.95,41.48,9.72177893065591
2016-05-01,17225.67777,16745.20684,13050.02954,4419.5790810256,4353.4528496464,16260.8621,6047.84103912094,3037.7024957225,6963.22666336433,13050.02954,11601.1135,0,1448.91604,1297.66188,203.28362737282,477159.81025,-46492.2198504622,46.84,46.83,9.7228337544595
2016-06-01,16501.85253,16354.47173,12889.96763,4361.2641214944,4302.4504544898,15679.6395,5777.89920392905,3691.3432057635,6906.72598832009,12889.96763,10927.00605,0,1962.96158,1174.90728,-192.38378170166,476507.78141,-65623.3496840049,48.74,48.28,9.72448652826269
2016-07-01,16927.89904,16639.83066,14077.62158,4485.03173,4442.503362,16825.72491,6085.41191258973,3920.132830436,7068.71612567962,14077.62158,12709.24382,0,1368.37776,963.0691,201.2245731617,479047.0545,-61180.370866968,44.9,45,9.72480314031481
2016-08-01,17014.777301,16553.3203,11443.67921,4632.9381720477,4565.7855922123,16929.53718,6095.65747285834,4569.6958476775,7330.29593405343,11443.67921,9631.717,0,1811.96221,1297.44367,237.94781717295,400018.487956382,-64521.9955765982,44.75,45.85,9.72118469322224
2016-09-01,16795.86358,16465.17264,11527.46626,4535.1721286086,4460.7748476321,16620.52296,6063.26890461956,3902.0676800435,7242.08821306291,11527.46626,9783.88912,0,1743.57714,1112.77369,186.87996671665,422252.313142106,-59740.0720195197,45.16,46.69,9.71798407482446
2016-10-01,17125.60854,16717.78208,13006.35671,4279.8011468058,4213.8174044443,16681.17189,6193.63175560432,3701.364615,7382.81952411302,13006.35671,11829.22401,0,1177.1327,350.43728,105.448610148598,498712.3129035,-68480.0547443877,49.89,49.74,9.71383250275991
2016-11-01,16315.24964,15987.92968,11634.24685,4510.2842912485,4440.3547038331,15798.48254,6075.50889856868,4290.22174605,7469.043415791,11634.24685,9654.96427,0,1979.28258,1047.84375,179.26429506192,417629.369405875,-62138.4057484641,45.67,45.13,9.71038557204022
2016-12-01,16862.69673,16424.14516,11880.04281,4441.0200661886,4365.1909958518,16072.45096,6144.49985540706,4571.64116945,8092.77351530088,11880.04281,10418.8931,0,1461.14971,699.02949,176.647857691938,494528.898056179,-92248.1342809366,52.02,53.57,9.70883276040694
2017-01-01,16623.70914,16335.72053,11771.58405,4660.918178415,4586.2901391545,16078.63273,6177.30442376878,4495.01894,7071.05885745999,11771.58405,10397.27442,0,1374.30963,900.51374,159.17141288836,505984.6448239,-103268.553139249,52.5,54.58,9.70807873517338
2017-02-01,14984.273395,14742.24188,11776.79343,3964.5743793635,3900.7668587455,14580.18135,5706.9431424062,3493.82789,6237.59180967129,11776.79343,10022.15267,0,1754.64076,931.3136,217.31327117205,487066.668,-78505.6705794901,53.4,55.06,9.70609873194208
2017-03-01,16452.784061,16122.32784,11431.30534,4440.9276729997,4372.9688512727,16035.24644,6229.41476852188,3838.5491,7016.79420339586,11431.30534,10089.88487,0,1341.42047,969.00077,215.3918266542,471202.5660218,-82318.0237029741,49.58,51.6,9.70136131822858
2017-04-01,15843.669612,15545.57735,11590.85809,3070.14098,3006.00775411,14995.92028,5122.48130095949,3323.54426,6557.63383911354,11590.85809,10287.6038,0,1303.25429,1207.00572,241.71689343865,510149.9533088,-75513.3716988859,51.06,52.59,9.69721968465077
2017-05-01,16527.703873,16210.57003,11670.39119,5023.8808091297,4961.8196685844,15908.18073,6588.67557043205,4653.10935,7278.66929675484,11670.39119,10045.85247,0,1624.53872,1143.71976,221.80379908712,463996.9902382,-89953.0850138255,48.56,50.45,9.69365023478663
2017-06-01,16197.208451,15889.16583,11409.55151,5010.9627836798,4944.1778787647,16223.88855,6471.95659318453,3938.46521,7091.76788004995,11409.55151,9494.84459,0,1914.70692,1444.9068,263.9558845784,441220.81959234,-75003.6681497323,45.17,46.42,9.68986011244345
2017-07-01,16775.421157,16465.4081,11489.27395,5469.5268605337,5381.9928512307,16585.97007,6639.7224529502,4091.29959,7331.38349417286,11489.27395,10112.29585,0,1376.9781,1463.059,253.799455833,475688.06997818,-71162.7785774215,46.67,48.51,9.68615676316044
2017-08-01,16615.270476,16238.94178,10844.8542,5375.1614643779,5291.7711373192,16255.78112,7167.34784199208,4224.27177,7414.4031124319,10844.8542,9026.03581,0,1818.81839,1459.05039,226.32186400344,453650.1239353,-82041.7207101789,48.03,51.66,9.68258326926498
2017-09-01,15867.669527,15616.68203,11683.58037,5057.7984315574,4998.6576395119,15870.84424,6763.21109343131,4559.58581,7361.49244431033,11683.58037,10122.83695,0,1560.74342,1716.91305,287.15998083762,538882.49397664,-130174.751501831,49.71,56.07,9.67946689109081
2017-10-01,16295.277074,16050.69805,10915.82237,5283.8689419712,5229.7676758243,16587.46624,7059.90958764409,4365.76286,7707.69949721586,10915.82237,9347.3852,0,1568.43717,1310.76935,265.87104371101,523069.87030718,-106034.918173962,51.57,57.28,9.67762841936137
2017-11-01,15631.167423,15299.3877,10699.46787,5004.0232650992,4956.3944242106,15704.58636,6732.20573235527,3857.83627,7516.09475914662,10699.46787,8951.90961,0,1747.55826,1671.05535,282.49941673734,578112.19241345,-111751.924616294,56.67,62.63,9.67484479085951
2017-12-01,16112.935878,15750.36764,10210.77998,5368.5946002904,5324.029038248,16151.16425,7059.97832377801,4153.27552,7974.91588281576,10210.77998,8434.54122,0,1776.23876,1222.81066,197.14721387563,546703.956963771,-116856.219979138,57.94,64.14,9.67124750463729
2018-01-01,15901.123171,15656.63444,11752.9522,5421.7283112343,5365.7444390873,15592.45527,6941.61472961958,4363.24537,7512.11579392567,11752.9522,10190.88276,0,1562.06944,1294.16687,189.54790138176,686973.335676923,-135437.970371921,63.7,69.13,9.6684600230837
2018-02-01,14355.301034,14119.7382,8212.36489,4743.7218592125,4674.4812208842,14610.14074,6457.34161199836,3463.4938,6783.39173976257,8212.36489,6612.17783,0,1600.18706,1701.01133,264.07639137432,471772.249112946,-114952.101967483,62.15,65.16,9.66757404402256
2018-03-01,15848.869433,15551.86361,11142.50475,5053.6865405211,4986.772065773,15562.5435,6676.15409362867,3382.11963,7750.08612235962,11142.50475,9760.47128,0,1382.03347,1307.95255,201.68537001692,626434.06470124,-102543.610092153,62.76,65.89,9.66591742975452
2018-04-01,15497.95944,15188.87233,9616.91795,4819.1791732964,4753.5840320909,15219.30141,6328.33610198765,4694.26928,7475.85718621167,9616.91795,7645.90982,0,1971.00813,1359.93806,204.49632978111,543737.980991247,-158685.962879701,66.32,71.58,9.66396650610231
2018-05-01,15984.738983,15705.80494,11626.39923,5116.1591613369,5054.7635703086,15745.24019,6871.51126161614,5356.82988,7873.59066518776,11626.39923,10228.93876,0,1397.46047,1121.84581,209.99800668318,722244.358776408,-228190.714628439,69.89,76.85,9.66300499674389
2018-06-01,15512.892849,15195.06696,10835.02695,4950.7543060487,4888.4968114206,15416.16523,6715.39466285532,4362.15971,7622.8903304969,10835.02695,9212.41109,0,1622.61586,1333.17946,220.65198116062,657038.56652789,-167377.670405966,67.7,74.17,9.66295394218324
2018-07-01,16223.568167,15869.35388,11065.47346,5127.6833645292,5060.8315150406,16257.95258,7056.28721519451,4357.07071,7790.39995289186,11065.47346,9564.64005,0,1500.83341,1537.40605,277.9417251064,743571.957390773,-162247.081271412,71.03,74.33,9.66471313350136
2018-08-01,16439.556822,16135.20694,11838.343685472,4957.3519008005,4879.7371119163,16153.3701,6774.03300308701,3847.25364,8158.015630616,11838.343685472,9826.65943,0,2011.65218,1339.98072,261.27328248741,688735.426496649,-145805.933796147,67.99,72.64,9.66800698980724
2018-09-01,15555.344928,15277.94457,11143.43808,5054.3627621512,4846.3800078398,15388.49386,6828.78931791603,4641.6615,7626.24296650419,11143.43808,9550.14104,0,1593.29704,1159.40162,206.57031817617,713355.2911827,-176877.797147675,70.2,78.8,9.67103093086382
2018-10-01,15918.21788,15580.81855,11019.03978,4317.1913631884,4106.4928242519,15862.27903,6417.47552105865,5574.82228,8488.76496274771,11019.03978,9320.0342,0,1699.00558,1255.49303,249.12770559999,723202.260287733,-246215.524059479,70.75,81.12,9.67300028673434
2018-11-01,15451.849741,15177.89034,10542.20112,4793.7569560104,4721.4768139365,15283.71009,6415.62432508795,4429.70504,8175.59445237119,10542.20112,8841.40261,0,1700.79851,698.78314,155.24746419235,530647.399784795,-165572.49417482,56.75,64.66,9.67558226811417
2018-12-01,16103.067235,15757.04422,10897.73495,4861.2820947639,4789.6274016806,15643.57472,6987.63660253138,4642.255891,7922.94088740224,10897.73495,9314.03678,0,1583.69817,1286.28217,242.87532382664,501748.036727006,-115613.421213107,49.52,56.96,9.67777604664995
2019-01-01,16240.368774,15940.54849,10747.79003,5093.1387389931,5018.7737053851,16119.50376,6848.30164072891,4626.64401,7801.34338046919,10747.79003,8775.22248,0,1972.56755,1085.78239,221.57906822079,488022.884368292,-69838.2727259328,51.63,59.37,9.6805956200005
2019-02-01,14934.075672,14638.51492,10074.18819,4571.750741567,4499.600338714,14496.96065,6419.86422472276,4389.9379,6977.90903111329,10074.18819,8494.68394,0,1579.50425,1219.19074,241.33488587251,534185.195866533,-80015.4190115028,54.98,64,9.6836698537126
2019-03-01,16434.544004,16130.03365,12278.3152,3475.2711716399,3393.8515144709,16513.86341,5907.96342917901,4665.63909,7516.74018593886,12278.3152,10683.14993,0,1595.16527,1206.93683,236.48826261301,699311.648952738,-110850.11099331,58.16,66.08,9.68811296071603
2019-04-01,15868.573385,15583.78564,12462.97101,3232.445865128,3153.7679614228,15538.27733,5707.52266150715,5860.04057,7500.05024749724,12462.97101,11129.50861,0,1333.4624,963.46229,190.79410939615,784237.827694161,-152156.937375104,63.87,71.15,9.68025731731971
2019-05-01,16487.759054,16196.05781,11939.46449,5061.0018440124,4983.2008947638,16168.33247,6376.5244543618,4975.11875,7782.24415892019,11939.46449,10134.20727,0,1805.25722,1255.27545,216.32417482114,692714.14042798,-125453.196781013,60.73,70.85,9.68517225811722
2019-06-01,15926.697948,15610.05061,10313.23198,4701.6099551397,4633.6558310055,15973.22686,6418.1604452069,4752.10094,7468.75756490643,10313.23198,8934.09888,0,1379.1331,1506.92645,267.62557865213,575558.776271802,-110155.22489725,54.68,64.03,9.68870702860618
2019-07-01,16781.882642,16474.73242,12070.79254,5149.4785408612,5071.0884049844,16747.14269,6718.48465339594,5000.99203,8049.15328750505,12070.79254,10321.94373,0,1748.84881,1949.24163,312.20469004985,705867.665477807,-109505.521108912,57.51,63.91,9.69040471611689
2019-08-01,17057.350693,16727.81991,12827.81959,4851.7247347551,4766.3881317951,17022.4152,6729.21807951109,5277.79885,8022.05858062033,12827.81959,11516.19332,0,1311.62627,1424.49244,277.04360358718,683419.242616113,-107099.428110516,54.84,58.83,9.693829384506
2019-09-01,16407.221756,16159.96831,11385.51816,4713.0244854393,4629.6977634703,16656.46403,6696.91752254338,4772.68046,7666.35032617329,11385.51816,9532.89405,0,1852.62411,1173.83557,224.73814360816,572252.585448391,-100058.105800376,56.86,62.57,9.69546434682067
2019-10-01,14486.200566,14209.32128,12118.64461,3948.6713196705,3879.2990041415,14706.44037,5791.88074274205,5058.44973,7361.24804580276,12118.64461,10747.31793,0,1371.32668,1552.09683,253.02086925891,602726.457211676,-86592.6812392189,53.98,59.73,9.61844355961737
2019-11-01,16390.600169,16072.37437,11020.94768,4390.1349678104,4300.6585517935,16352.36163,6247.57763315541,4862.97317,7336.94771425471,11020.94768,9245.70296,0,1775.24472,1363.57585,209.37241042648,532540.068456704,-104320.624822617,57.25,63.11,9.57996383185909
2019-12-01,16800.808516,16458.60712,12576.47285,3824.3330571229,3739.1491513149,16597.48756,5762.95930789531,3975.009036,7516.86701493362,12576.47285,11417.24444,0,1159.22841,1148.32959,182.15945778282,663133.057825472,-76719.2881527719,59.81,66.9,9.5773522010003
2020-01-01,16574.61474,16291.54279,11762.51613,4737.998815485,4657.0042074429,16701.81672,6564.21516637929,4814.44187,7340.80206555186,11762.51613,10413.87645,0,1348.63968,1899.8781,280.82087258403,610704.73531922,-100601.263739921,57.56,63.38,9.57422448100942
2020-02-01,15560.59225,15207.00249,9538.65262,3910.5682727231,3832.0275099567,14950.55862,6019.7512399209,4744.90022,7035.34487877229,9538.65262,8223.30202,0,1315.3506,1124.45694,192.30971403179,414409.46347892,-81257.132679948,50.6,55.45,9.56878482898975
2020-03-01,16760.16616,16448.77396,13617.2972,4727.3057135472,4642.2758832106,16737.82561,5815.2033068684,4396.34995,5511.79515963276,13617.2972,11904.10977,0,1713.18743,1868.53501,320.93556585307,312936.339081,-37401.9747555749,29.89,31.71,9.56322094641356
2020-04-01,6297.11247,5478.51966,5260.81642,908.45006,880.00248,3758.62979,1744.59372125232,4077.18423,3234.0004107,5260.81642,4901.10824,0,359.70818,561.70819,96.8454912201361,78069.3428798,16662.9833646656,16.52,18.83,9.57022738013213
2020-05-01,10390.18382,10853.66612,9078.26563,828.128524328,766.948236676,12836.90253,1852.00409547246,2388.94109,4274.67548338057,9078.26563,7618.54763,0,1459.718,0,28.9732001873288,193275.01741,-2447.41485792481,28.57,28.81,9.56459589539731
2020-06-01,15435.30236,15078.00113,12502.08281,3539.1197651495,3470.8735321114,14042.38069,5080.7197440062,2660.87746,5580.90449479424,12502.08281,10263.7967,0,2238.28611,938.65792,173.09406187718,381428.4197162,-15585.7860183499,38.3,40.08,9.55981815257679
2020-07-01,16163.68809,15923.15113,11135.85737,4015.1306151,3926.2214561,15644.09779,5218.08641748782,4961.28698,6193.01110137157,11135.85737,9486.06813,0,1649.78924,1321.34389,241.3455742393,388061.09060035,-51951.0753287122,40.75,43.27,9.55565081511612
2020-08-01,15979.48021,15619.90452,11540.41741,4318.219656122,4325.107227772,16217.1968,5738.27790713198,4288.35001,6355.05369238457,11540.41741,10608.91077,0,931.50664,1870.72497,371.52761111435,473518.14265256,-23452.556364864,42.36,44.79,9.54716455740286
2020-09-01,15347.53689,15014.54119,12669.99903,4226.017899082,4145.312959082,15299.35896,5406.09980217798,3903.82381,6669.62537447814,12669.99903,10954.99862,0,1715.00041,1492.37764,334.68053543809,439915.81546154,-17583.0120152874,39.61,40.58,9.54106325333277
2020-10-01,15756.82675,15433.05883,11075.38992,4130.766609824,4062.5497738711,15623.67906,5550.79567434847,4409.21064,7286.49670578057,11075.38992,10350.58741,0,724.80251,1322.40944,401.37020832876,413925.792028572,-18455.7218032247,39.53,40.01,9.61326818544606
2020-11-01,15319.55617,14988.56809,11172.43312,4496.6557244376,4435.1842921578,14675.06594,5645.17154329379,4552.6136,7155.19120041257,11172.43312,10017.04949,0,1155.38363,1491.34174,361.26220048273,422683.60635125,-25594.8130287249,41.52,42.54,9.64632700049505
2020-12-01,15864.66164,15511.56137,12168.08337,3693.3843502574,3615.048776952,15798.52892,5724.04823435201,4768.6207,7685.13626270657,12168.08337,10891.34332,0,1276.74005,950.15586,486.2414023487,507560.26380343,-31560.9314464697,47.05,49.74,9.64290727709888
2021-01-01,15766.13433,15464.71988,10942.18132,4458.4878965314,4378.0889144557,15524.07763,5880.50358194241,5065.51893,6861.58731783819,10942.18132,9225.61908,0,1716.56224,1161.12649,426.12506669895,504121.76448802,-65492.7321445945,52.11,54.73,9.63821625801915
2021-02-01,14053.99206,13758.09606,10225.81053,3707.3218844264,3649.206944723,13484.86161,5568.94451948153,3701.7494,6579.12668658486,10225.81053,9066.98194,0,1158.82859,1133.41492,512.99026889461,563047.111988257,-75722.9465532821,59.08,62.23,9.63311408323441
2021-03-01,15576.90487,15247.76595,11486.83055,3584.3276426859,3539.3418596577,15258.68335,5768.81584620871,5029.55689,7338.31719350424,11486.83055,10146.9328,0,1339.89775,740.19714,648.86316374427,636007.830891879,-112671.21649394,62.35,65.56,9.62867142783326
2021-04-01,14977.51948,14633.6519,10278.29041,4303.9610283783,4248.6475732512,14513.22437,5624.01008957735,4580.76801,6968.32381226667,10278.29041,8985.6519,0,1292.63851,1121.96836,783.05849125601,575347.217004489,-81102.9484945992,61.71,64.46,9.62411359227439
2021-05-01,15449.35535,15157.70033,11079.05409,4482.6899373824,5082.6456872907,15282.6794,6721.53515613791,4048.13183,7059.99615376014,11079.05409,9711.53607,0,1367.51802,1716.96707,784.05777157769,695404.312610192,-75359.7703722556,65.23,68.51,9.61980639856102
2021-06-01,14814.70941,14467.9446,10562.86364,4602.2582180105,4536.0507,13941.82173,6380.13035318092,4284.30896,7841.30796187872,10562.86364,9083.62735,0,1479.23629,1285.90176,776.75594722178,689586.758141612,-93198.3305238105,71.38,72.96,9.55888038497619
2021-07-01,15278.93407,14944.80102,9426.3268,5043.8450900588,4990.3002931744,14848.27414,6900.26708087199,5286.20044,8343.8517048441,9426.3268,7681.21793,0,1745.10887,1504.87687,1310.08069917592,603858.47287136,-104971.094579154,72.58,74.99,9.54978354348335
2021-08-01,15030.467607,14650.16837,10125.76247,4995.8029560983,4945.3822889519,14510.68969,6673.01930310273,5441.7763,7687.65319608524,10125.76247,9144.16573,0,981.59674,1494.84126,891.46383185718,649509.495579098,-111443.504925478,67.73,70.8,9.54577704522322
2021-09-01,14550.75865,14223.02203,9401.49197,4639.0242442046,4582.5459939838,14606.28283,6438.61798172656,3992.92311,7971.14497715586,9401.49197,8014.1512,0,1387.34077,1309.71646,813.32588662162,603649.639708387,-93342.5418282296,71.46,74.4,9.54448158076384
2021-10-01,14918.16636,14606.73845,10703.25249,5282.3423653533,5238.4035715356,14277.12617,7032.37489968732,4532.96749,8280.07679158657,10703.25249,9340.2066,0,1363.04589,1710.32832,811.27198205265,824366.910456228,-143171.218968403,81.36,83.54,9.54411920414413
2021-11-01,14547.85949,14258.91989,10062.4528,5150.1620640197,5101.8017751322,13896.11974,6969.97084763494,5440.07397,7855.47729314086,10062.4528,8179.0777,0,1883.3751,1536.13956,593.723894214,656765.830197961,-118951.342480665,79.11,81.37,9.54354525881434
2021-12-01,7636.82495,8161.69058,3152.25884,3209.2824305584,3177.4139917179,4841.76709,5583.31834384232,5499.792578,7944.16283320371,3152.25884,2702.56903,0,449.68981,1531.45873,666.35277006769,256176.497441602,-111725.205386612,71.87,74.1,9.52778460544542
2022-01-01,14135.68067,14672.47155,8643.8211,4349.1462351548,4307.030557123,15061.94579,6305.68865075801,5100.36887,7225.26139626214,8643.8211,7891.06372,0,752.75738,1156.23218,295.18171160973,698589.927812727,-130972.551700974,83.16,86.61,9.52604418559194
2022-02-01,13394.29016,13137.53574,8873.13769,4770.5015927485,4715.5889240968,13433.16109,6096.34247919794,4255.29352,7470.45570923962,8873.13769,7519.7271,0,1353.41059,944.53862,513.51192982044,710959.181820149,-161215.587165747,91.7,98.01,9.52766855765102
2022-03-01,15336.62543,15021.89301,10732.76467,5247.4500579366,5189.160430484,14791.19957,6856.34957641898,4537.97553,7985.51343928976,10732.76467,8192.64306,0,2540.12161,1519.98626,556.9012445126,962421.964051741,-254504.887207577,108.52,118.75,9.52856838509554
2022-04-01,14912.53085,14621.08776,9376.92678,5176.4648795091,5127.4941505482,14155.59757,6863.51128638219,4603.47231,7874.06339767276,9376.92678,8576.6008,0,800.32598,1521.85731,1769.90341966992,946410.350666444,-274754.329485823,101.77,104.37,9.53058928356012
2022-05-01,15343.31591,15033.95148,9200.4216,4813.1547298475,4751.0015777766,14725.19223,6870.17749906408,4849.27863,8050.26804450433,9200.4216,7859.47357,30,1310.94803,1519.86866,634.5992642428,937522.214532624,-343655.455111891,109.86,113.13,9.53131853552263
2022-06-01,12261.84889,11936.92409,9933.80082,4703.2114320678,4664.6838069053,12134.94425,6374.46845285061,5719.07548,7248.21343094253,9933.80082,8681.1914,26.71041,1225.89901,1346.97657,890.15980853032,1033048.50892902,-444861.566210039,114.36,123.56,9.58873563039612
2022-07-01,14963.14209,14727.94335,9172.88047,4673.421822602,4629.6819997778,14480.26046,6524.15162872988,4827.46994,8542.65577835909,9172.88047,8300.06967,0,872.8108,1140.1804,1099.00480056337,817540.086973075,-348014.618489507,100.25,112.63,9.59464855850429
2022-08-01,15326.32257,14965.62931,9766.03543,4571.5980322281,4548.8936430336,14729.71635,6625.9202952126,4892.44069,8801.51877315562,9766.03543,8326.97256,41.7332,1397.32967,942.65877,1029.74319036569,760863.033984239,-286189.150662151,91.57,99.62,9.58873119740888
2022-09-01,14708.72805,14402.53262,9682.21987,4649.7643300997,4605.584075744,14043.48934,6594.69819356372,5137.27894,8911.59225943615,9682.21987,7593.09251,0,2089.12736,1107.20932,1095.83173901531,651053.958249748,-265271.204300264,84,89.82,9.58019432312602
2022-10-01,15284.36592,14993.31854,9617.01504,3995.5351488363,3920.4488265373,14989.11907,6082.09982681299,5231.66006,9073.23120849409,9617.01504,8759.65247,8,849.36257,949.2002,939.56770582444,750778.2519297,-307238.909555712,87.26,93.11,9.57585634190702
2022-11-01,14675.72682,14337.75952,10578.69798,4852.9052675446,4797.4376847902,14229.10766,6227.5740083722,6231.31833,8441.87173212295,10578.69798,8745.08948,106.5,1727.1085,947.84166,420.89550925863,707807.505480804,-327678.584917968,84.15,91.1,9.5722499669957
2022-12-01,15210.51664,14834.88874,11321.37783,5173.2294861949,5111.1518836322,14677.62057,6950.08964539024,5401.55217,9397.31107859385,11321.37783,10026.50951,24.5,1270.36832,950.59667,1029.63331148673,738539.875477133,-183313.455844984,76.5,80.38,9.58448191237381
2023-01-01,15175.12057,14841.91573,8616.08005,5114.1657436331,5052.3858958275,14353.22824,7016.16021215315,5125.64715,9179.35465815633,8616.08005,7311.86849,0,1304.21156,1138.97191,965.91179080292,529451.857350485,-230686.999415901,78.19,82.86,9.58363455978466
2023-02-01,12476.16689,11782.30482,9067.18498,3986.868458037,3936.4979145353,10645.41462,5902.7572423755,5134.52652,8047.79871387348,9067.18498,7678.42533,86,1302.75965,571.84764,608.02876347676,520551.501421341,-198283.277341452,76.81,82.5,9.58133270110923
2023-03-01,13843.29909,13917.80093,8798.33516,4730.8354963814,4671.1113127679,15255.10562,6592.16562528589,5713.7118,8513.34412002762,8798.33516,7673.7497,48.68885,1075.89661,950.35182,680.31513284275,513381.503528768,-183134.908158994,73.37,78.29,9.58004202622248
2023-04-01,14156.10644,13857.28727,8748.56081,5003.712116543,4960.0898558927,13838.16733,6821.33263760929,5684.83465,8026.08445733067,8748.56081,7986.83203,0,761.72878,1329.86749,993.84619843262,623518.430527501,-168267.700459218,79.44,84.9,9.57823779047064
2023-05-01,14693.47378,14323.48126,9898.01746,4284.847150295,4215.231580477,14166.14225,6320.18239619813,4861.7391,8849.479826055,9898.01746,8356.51027,29.614,1511.89319,1325.5378,1024.55342405476,579121.859809718,-119085.335308111,71.64,75.82,9.57838708973638
2023-06-01,14200.48431,13940.80561,9813.1549,4551.6830845629,4491.4838374262,13944.61799,6350.46614161772,4002.15383,8108.51401613529,9813.1549,9093.3665,130,589.7884,759.52687,740.81364032512,574126.486021159,-82401.4691610856,70.31,74.73,9.57760393592793
2023-07-01,14811.76433,14492.41143,9793.89576,3831.2128452595,3775.2271975234,14439.40526,6019.66851225657,5714.99831,8702.10384557329,9793.89576,8450.99663,77.802,1265.09713,949.15349,1253.1988068109,617910.571381685,-159593.901274761,75.85,80.09,9.577765835315
2023-08-01,14908.76769,14567.80004,9634.49559,4350.828564018,4303.5725682847,14082.16691,6106.51806519816,5953.57717,8728.28916954737,9634.49559,8531.57413,107.887,995.03446,758.38557,734.04093251999,693188.911776754,-244381.64724112,81.41,86.14,9.58787118992087
2023-09-01,14482.67292,14144.22304,12069.75875,4461.7265203577,4421.930567944,13978.68739,6206.50941560464,6347.98745,8700.35102995162,12069.75875,10542.09365,62,1465.6651,760.50611,695.58267588566,930074.476510583,-277423.166181153,89.38,93.96,9.59439485391011
2023-10-01,14957.00335,14677.02606,8491.09655,4617.0089166151,4563.3372014414,13623.10167,6704.0245602864,5400.85355,9224.53689380341,8491.09655,7811.72599,22,657.37056,759.445131,580.1645325214,663609.644069591,-247259.478913075,85.57,91.12,9.5962149794852
2023-11-01,14702.04329,14316.08038,10500.93886,4342.5975055895,4293.3162395685,14230.30526,6002.84123062072,6776.70627,8927.36798810845,10500.93886,8772.59582,156.97057,1571.37247,757.95051,605.02700713928,676353.261232885,-217587.747332545,77.37,83.05,9.5980428970101
2023-12-01,15068.240145,14376.7723,9602.73408,4744.5410376892,4691.4727676096,14496.96203,6378.15666290199,5365.26258,9084.58043456541,9602.73408,8830.34572,50,722.38836,569.6556,703.60468895427,605343.442820869,-118395.848287368,72.08,77.98,9.59322448402029
2024-01-01,15204.63134,15153.9105,12018.4264,4248.2357703437,4201.4057827353,14696.49022,6267.8306132454,5043.2549,8157.40588093008,12018.4264,10681.57854,89.71749,1247.13037,946.3814,744.174756915652,752964.70970402,-147559.419265519,73.87,80.26,9.59088593332578
2024-02-01,14084.63421,13766.62147,9825.17157,3836.1839938155,3808.0720085663,14288.74252,5796.24181311413,4521.58927,7908.04364127226,9825.17157,9160.3919,0,664.77967,757.68004,717.193838373324,685073.44372689,-162431.057445006,76.89,83.9,9.59022356304375
2024-03-01,14970.55487,14628.42991,10796.781797,3989.137962425,3950.0456554481,14795.89375,6029.38345753662,5006.89805,8527.31379302748,10796.781797,9416.44233,59.43524,1320.904227,757.86653,736.948040042703,740069.977810964,-185789.294196044,80.49,85.44,NA
2024-04-01,14468.69845,14175.82898,10490.71495,4501.0654776382,4412.7652876382,15272.21976,6285.9983519122,5986.89551,8989.89256545208,10490.71495,9798.05843,0,692.65652,571.15273,839.55798345713,797142.607486424,-201351.812587208,84.59,89.89,NA
2024-05-01,15019.33611,14685.62963,11190.02557,3928.2430791819,3870.0524288786,14758.76818,5855.77398292503,6347.18786,9084.84859703684,11190.02557,9489.00318,331.77763,1369.24476,758.29153,821.230148876908,730888.644955131,-166650.456525313,78.73,81.82,NA
2024-06-01,13402.68573,12902.8383,8178.41976,3871.1179874763,3827.0109373629,11484.85311,5829.26788866107,5953.89129,8232.98442924724,8178.41976,7733.1255,0,445.29426,381.4772,954.196182258384,582032.370142469,-138549.72730596,79.03,82.4,NA
2024-07-01,14401.88562,14260.79963,9117.92704,4246.4938287987,4220.8835900063,15321.789,6300.51254914001,5362.82558,8783.0337541038,9117.92704,7784.83727,263.00309,1070.08668,946.92472,937.250848892753,642063.965110674,-123396.820207129,80.83,85.25,NA
2024-08-01,14790.7359,14519.54525,11933.75834,4455.7498246335,4437.7331314349,15263.45314,6010.24781562371,6632.25765,9509.43431746688,11933.75834,11384.77043,0,548.98791,378.14517,1390.42899984531,799122.266089663,-120268.06201486,75.55,80.72,NA
