"","reservas_internacionales","pasivos_monetarios","emision_monetaria","dinero_electronico","reservas_bancarias","depositos_a_la_vista","cuasidinero_total","cuasidinero_ahorro","cuasidinero_plazo","cuasidinero_restringido","cuasidinero_operaciones_de_reporto","cuasidinero_otros_depositos","credito_al_sector_privado_total","credito_al_sector_privado_cartera","crédito_al_sector_privado_otros","tasas_de_interes_referenciales_porcentajes_basica","tasas_de_interes_referenciales_porcentajes_pasiva","tasas_de_interes_referenciales_porcentajes_activa","inflacion_mensual","inflacion_anual","inflacion_acumulada","periodo","TOTAL.NACIONAL.Producción.de.Petróleo.Crudo","TOTAL.NACIONAL.PRODUCCIÓN.DE.PETRÓLEO.CRUDO.FISCALIZADA..Miles.de.barriles.","TOTAL.NACIONAL.EXPORTACIONES.DE.PETRÓLEO.CRUDO..Miles.de.barriles.","TOTAL.NACIONAL.CRUDO.RECIBIDO.EN.REFINERÍAS.Y.CONSUMO.EN.OLEODUCTO..Miles.de.barriles.","TOTAL.NACIONAL.MATERIA.PRIMA.PROCESADA.EN.REFINERÍAS..Miles.de.barriles.","TOTAL.NACIONAL.TRANSPORTE.POR.OLEODUCTOS..Miles.de.barriles.","TOTAL.NACIONAL.PRODUCCIÓN.DE.DERIVADOS..Miles.de.barriles.","TOTAL.NACIONAL.IMPORTACIÓN.DE.DERIVADOS..Miles.de.barriles.","TOTAL.NACIONAL.CONSUMO.INTERNO.DE.DERIVADOS..Miles.de.barriles.","TOTAL.EXPORTACIONES.DE.PETRÓLEO..miles.de.barriles.","EXPORTACIONES.DE.PETRÓLEO.DE.EMPRESAS.PÚBLICAS..miles.de.barriles.","EXPORTACIONES.DE.PETRÓLEO.DE.COMPAÑÍAS.PRIVADAS..miles.de.barriles.","EXPORTACIONES.DE.PETRÓLEO.DE.MEM..miles.de.barriles.","TOTAL.EXPORTACIONES.DE.DERIVADOS..miles.de.barriles.","Exportaciones.de.Derivados..miles.de.barriles.","Ingresos.de.EP.PETROECUADOR.por.Exportaciones..miles.de.USD.","DIFERENCIA.INGRESOS.Y.EGRESOS..miles.de.USD.","Precio.Promedio.Mensual.WTI","Precio.Promedio.Mensual.Brent"
"1",2124.04,501.75,66.06,0,435.69,3627.56,5825.8,2918,2591.03,161.12,33.77,121.88,9346.42,8918.52,427.9,2.93,4.79,8.9,0.3,2.68,0.3,2007-01-01,16029.77266,15405.696576914,10304.30509,5574.6275,5128.282,14987.3532,5911.75240062341,2387.08142775,5735.71614088548,10304.30509,5713.873,4590.43209,0,1025.898,0.634419593599887,258524.47218,-62364.5790253047,54.42,53.68
"2",2468.69,486.19,66.18,0,420.01,3682.41,5890.33,2946.77,2613.23,178.06,46.99,105.28,9397.34,8966.32,431.02,4.93,4.93,9.51,0.07,2.03,0.36,2007-02-01,14202.41541,13946.746423086,9210.37639,4890.307,4485.596,13557.95505,4774.07201739048,2048.1717998,5513.6695076999,9210.37639,5656.911,3553.46539,0,825.84,1.50673889339987,296630.79295,-66285.1258077375,59.44,57.56
"3",2182.37,559.26,65.48,0,493.78,3483.05,5894.88,2938.48,2629.26,175.23,39.7,112.21,9541.1,9121.67,419.43,5.33,5.33,9.38,0.1,1.47,0.46,2007-03-01,14944.46022,14461.753,10304.83802,5180.04097,4733.882,13995.33884,5313.43192244,2897.70006365,5636.43342685733,10304.83802,5137.83,5167.00802,0,1021.885,2.15003779380004,282563.69179,-97316.6079041926,60.93,62.05
"4",2801.24,483.66,65.91,0,417.75,3568.78,6075.91,3083.55,2646.06,201.29,37.49,107.52,9571.08,9150.1,420.98,5.44,5.44,9.98,-0.01,1.39,0.45,2007-04-01,15061.70616,14441.826,9314.54541,4907.763,4456.415,13654.93986,4673.948589,3014.2631505,5225.52375570652,9314.54541,5169.221,4145.32441,0,1020.43,2.88746346016023,322245.47179,-105673.4603262,64.02,67.49
"5",3076.33,512.94,65.78,0,447.16,3759.61,6164.33,3096.88,2706.24,205.89,52.07,103.25,9694.47,9272.77,421.7,5.64,5.64,9.35,0.03,1.56,0.48,2007-05-01,15862.39327,15350.514,9223.90262,3870.73722,3420.54,14573.02632,4206.39561242,2791.2315503,5307.086,9223.90262,4509.777,4714.12562,0,996.375,6.05282171260001,303183.56967,-122932.655729207,63.68,67.21
"6",3204.37,547.66,65.6,0,482.06,3763.66,6185.64,3070.37,2748.76,202.53,44.94,119.04,9823.23,9405.09,418.14,5.2,5.2,9.79,0.39,2.19,0.87,2007-06-01,15439.00501,15040.442,11841.7941,4230.384,3853.829,14630.65878,4993.44674616,3201.80567185,5324.88281887781,11841.7941,5632.829,6208.9651,0,800.208,2.75692542320007,363243.70839,-144627.276199345,67.95,71.05
"7",3440.77,526.61,66.39,0,460.22,3842.28,6287.57,3128.7,2737.21,258.81,41.44,121.41,9981.39,9554.27,427.12,5.53,5.53,10.92,0.42,2.58,1.29,2007-07-01,15799.54084,15705.874029144,12238.97607,5372.892,4910.322,15248.52717,5655.6269667,2665.20798785,5692.35936862328,12238.97607,6697.497,5541.47907,0,1631.58,5.24009769140002,527691.53395,-127061.120050955,74.16,76.93
"8",3510.08,596.9,67.26,0,529.64,3963.98,6468.43,3252.26,2792.63,261.21,50.25,112.08,10095.65,9671.41,424.24,5.53,5.53,10.92,0.07,2.44,1.37,2007-08-01,15756.26119,15244.222970856,10209.1579,5416.922,4959.384,15253.48912,6242.13090711048,2336.6225006,5646.92423443462,10209.1579,5802.809,4406.3489,0,1342.88,2.47539332453016,441572.82699,-103228.11723299,72.36,70.76
"9",3611.13,603.71,67.9,0,535.81,3970.69,6502.36,3246.75,2821.78,251.49,74.19,108.15,10198.79,9759.98,438.81,5.61,5.61,11.82,0.71,2.58,2.09,2007-09-01,15505.83919,14891.184,10909.70937,5246.073,4790.526,14263.88476,5550.66514676,3000.49776855,5483.18455257962,10909.70937,6192.302,4717.40737,0,1380.148,2.161064334,483987.8454,-136694.129712615,79.53,77.17
"10",3690.85,544.57,69.79,0,474.78,4133.09,6617.3,3259.9,2906.32,251.28,70.75,129.05,10294.89,9834.6,460.29,5.63,5.63,10.7,0.13,2.36,2.22,2007-10-01,15921.16689,15132.79,10604.825,4651.34404,4176.495,14833.32498,5735.39630622,2850.638936,5853.45580696638,10604.825,5835.69,4769.135,0,1574.303,2.63337926800023,522281.56933,-146588.310230328,85.47,82.34
"11",3617.78,597.88,70.31,0,527.57,4268.76,6789.82,3423.79,2927.18,243.84,80.53,114.48,10474.83,9940.48,534.35,5.79,5.79,10.55,0.49747633964624,2.69976469244447,2.73245030225816,2007-11-01,15541.25651,15424.750478734,9213.75434,5242.447,4775.979,14440.45359,5779.28965514,2482.0071917,5610.65781998286,9213.75434,5210.93,4002.82434,0,1580.831,3.03549266019991,544967.13923,-156262.180007,92.74,92.41
"12",3520.83,763.66,71.42,0,692.24,4453.61,7007.24,3638.55,2926.02,255.34,69.59,117.74,10639.31,10140.79,498.52,5.64,5.64,10.72,0.57163644204115,3.31970642598768,3.31970642598768,2007-12-01,16483.3134,16390.561788442,10722.06489,5668.73,5183.016,15581.06016,6303.2628997,2766.8330716,5678.64860266795,10722.06489,5047.419,5674.64589,0,1215.51,1.14523954219999,488554.99782,-157356.432225012,91.4,90.93
"13",3511.051256,835.500207,72.173156,0,763.327051,4627.04502,7063.82,3567.17,3035.75,264.04,85.87,110.99,10754.105846,10266.08,488.025846,5.91,5.91,10.74,1.1421266552408,4.19042242733199,1.1421266552408,2008-01-01,16128.65093,15730.959,12226.19579,5346.66876,4854.732,15844.29152,5637.80742857143,2610.7006699,5672.96466235405,12226.19579,8843.574,3382.62179,0,1544.919,2.02144243072007,794474.75969,-136887.089484607,92.91,92.18
"14",3989.42123,782.409672,72.09099,0,710.318682,4814.101026,7267.39,3586.43,3213.54,252.85,101.78,112.79,10844.928384,10354.95,489.978384,2.27,5.97,10.5,0.94356540022952,5.1025119793939,2.09646876741596,2008-02-01,15041.0688,14418.847,12258.00981,4707.776,4241.231,13260.11524,4935.12736680952,1910.75597945,5203.50614048929,12258.00981,7251.697,5006.31281,0,976.64,2.33221862721007,659072.76559,-99333.4354425405,95.35,94.99
"15",4143.552766,744.67841,73.528708,0,671.149702,4910.829188,7338.74,3646.56,3210.97,257.14,107.4,116.67,11047.291801,10561.28,486.011801,1.96,5.96,10.43,1.47960476818064,6.55548547758993,3.60709298744271,2008-03-01,15746.48271,15534.274,8925.89522,5389.35,4905.734,15401.80486,5796.75244609333,2661.9391358,5347.69728645857,8925.89522,5424.321,3501.57422,0,1010.965,2.1497864681503,562817.76476,-149835.480809975,105.55,103.64
"16",5599.113395,775.437098,74.4329,0,701.004198,4964.883727,7766.58,3943.64,3362.34,250.8,77.2,132.6,11297.082536,10738.41,558.672536,1.3,5.96,10.17,1.51831636064466,8.18359311731699,5.18017643105937,2008-04-01,15308.31666,15036.511,10820.46251,4950.594,4466.52,14791.73946,5540.29211104476,2229.4666007,5477.40221242638,10820.46251,5326.65455,5493.80796,0,1332.105,2.53234964411013,629792.32879,-145517.08802809,112.19,109.07
"17",5874.722861,829.245045,74.267401,0,754.977644,5227.740808,7816.12,3924.73,3427.03,248.8,80.99,134.57,11536.649163,10962.08,574.569163,1.22,5.86,10.14,1.04881798289102,9.28531469764349,6.28332503590487,2008-05-01,15467.09476,15117.948,11600.52879,5361.04465333333,4878.251,14377.56063,5408.55755728191,2412.51083385,5710.25957435805,11600.52879,6597.33998,5003.18881,0,1331.218,4.12357766337004,834504.57104,-171117.662731954,125.34,122.8
"18",6103.122911,798.762361,74.362309,0,724.400052,5253.351867,7844.33,3886.63,3471.41,261.43,82.76,142.1,11790.824427,11220.86,569.964427,1.1,5.45,9.59,0.75678419609639,9.68732252979041,7.08766044286236,2008-06-01,14844.37884,14568.261,10377.86945,4912.006,4439.939,14433.24244,5463.70719047619,2655.099587,5833.79679582466,10377.86945,6201.1013,4176.76815,0,966.466,3.87468389292007,838069.73885,-252332.827818423,134.14,132.32
"19",6161.412417,829.697942,75.268478,0,754.429464,5527.118272,8063.61,4001.08,3554.48,264.55,77.22,166.28,11974.14288,11496.23,477.91288,1.1,5.36,9.52,0.586191432173621,9.87099809996425,7.71775240471473,2008-07-01,15448.03404,15199.973,9707.91381,5161.884,4683.463,14529.68675,5288.33223503143,2938.1375995,5951.77351909052,9707.91381,6142.64718,3565.26663,0,1144.829,4.64197192048005,834401.00232,-239711.247634015,133.53,132.72
"20",6372.313321,819.430295,75.036155,0,744.39414,5601.717087,8190.45,4069.44,3601.46,262.38,85.77,171.4,12389.500136,11908.38,481.120136,1.1,5.3,9.31,0.209872682893561,10.0213288542147,7.94382254163915,2008-08-01,15599.346783,15199.818,10551.91877,5424.089,4950.258,14751.17199,6194.89166649429,3144.60499895,5930.70994229167,10551.91877,6563.34303,3988.57574,0,1536.431,2.48727676979956,811522.68592,-229903.246704115,116.76,113.24
"21",6511.44558,709.49504,75.191046,0,634.303994,5468.182202,8158.8,4038.44,3630.08,280.28,62.36,147.64,12744.176383,12230.64,513.536383,1.1,5.29,9.31,0.659373521789576,9.96585940775982,8.65557552588624,2008-09-01,14954.90741,14791.243,9543.66873,5403.115,4931.801,14132.4743,6073.09746654799,2779.222968,6056.89404282267,9543.66873,5914.00423,3629.6645,0,1467.58328,2.47892640069995,662357.41223,-197371.956127588,104.7,97.23
"22",6273.561674,891.114268,75.969425,0,815.144843,5466.748501,8294.21,4149.54,3684.89,296.55,43.62,119.61,13052.409806,12488.81,563.599806,0.94,5.08,9.24,0.0316109365024744,9.85263133793708,8.68992257087213,2008-10-01,15402.82741,15075.81518,10408.06077,5410.77149,4934.228,14492.65662,5756.85812465919,2452.8835159,6222.01830508057,10408.06077,6561.1592,3846.90157,0,1257.833,2.28805515590989,483673.81839,-130063.264091191,76.77,71.58
"23",6011.497302,1067.248825,75.751953,0,991.496872,5803.933989,8326.9,4181.44,3699.85,303.49,24.29,117.83,13403.992237,12817.37,586.622237,0.5,5.14,9.18,-0.160680413527331,9.1332077881894,8.51527915382272,2008-11-01,15049.86627,14918.883,9108.96214,5393.3618,4898.454,14092.79957,5640.70759661545,3030.2332734,5718.44012117552,9108.96214,6429.33743,2636.30296,0,1503.811,1.78864129584031,333056.87162,-78749.0888692586,57.43,52.45
"24",4473.069024,1316.343694,77.321219,0,1239.022475,5792.075122,8310.19,4276.86,3596.3,290.42,2.79,143.82,13576.25232,12974.57,601.68232,5.1,5.09,9.14,0.292714396945911,8.83054136472292,8.832918998792,2008-12-01,15736.906253,15514.140932,11865.97232,5220.7868,4719.915,14947.36008,5823.97621221987,2644.6068,6137.029,11865.97232,6225.13998,5640.83234,0,1343.286,2.4246917170301,201089.36496,-60118.5674682797,42.13,39.95
"25",4271.617753,835.769419,76.041248,0,759.728171,5376.909724,8166.53,4113.15,3594.17,278.85,10.26,170.1,13523.500311,12893,630.500311,0.2,5.1,9.16,0.707417891614398,8.36278780202878,0.707417891614398,2009-01-01,15608.86675,15407.96297,10779.9792,5376.6471,4899.421,14796.38279,5866.42891842014,2682.5434758,6058.4555559381,10779.9792,7449.91508,3330.06412,0,1306.419,1.43012866225013,256558.5732,-45995.9041511146,41.54,43.44
"26",3996.506207,926.783429,74.907802,0,851.875627,5259.112255,8178.63,4092.93,3622.54,273.21,6.58,183.37,13478.318848,12839.54,638.778848,0.2,5.19,9.21,0.466154952320338,7.85028829939938,1.1768705074701,2009-02-01,13948.90392,13804.70576,9461.23965,4540.39158387097,4110.12,12924.03724,5401.21661134192,2004.5787837,5385.76555147124,9461.23965,5956.96673,3504.27292,0,1029.903,1.86368068439992,199289.44057,-42495.6971731483,39.1,43.32
"27",3244.072594,626.868763,74.157026,0,552.711737,5096.025772,8088.73,3992.55,3616.76,254.38,11.69,213.35,13198.386038,12599.43,598.956038,0.2,5.31,9.24,1.09118302965392,7.43748223282516,2.28089534838253,2009-03-01,15414.13534,15265.38545,9584.77577,5268.60432,4788.326,15227.28004,5642.61826744,3030.862,6115.328808147,9584.77577,6785.27429,2799.50148,0,871.972,1.91442500579205,281139.12463,-52258.754202883,48.09,46.54
"28",3142.264651,716.134608,75.303191,0,640.831417,4895.949771,8369.58,4242.38,3644.2,246.61,10.1,226.29,12989.223552,12377.74,611.483552,0.2,5.35,9.24,0.654969939192867,6.52379720394833,2.95080446645175,2009-04-01,14855.338128,14662.74494,10647.92073,5320.42289,4858.052,13725.70878,5566.6259259619,2748.877,6132.75038399762,10647.92073,6922.66695,3725.25378,0,1386.535,1.72076999897013,342212.69014,-59753.5076659767,49.88,50.18
"29",2594.399346,650.498454,74.12518,0,576.373274,4963.577399,8215.13,4142.79,3602.59,252.04,11.14,206.57,12909.267567,12309.93,599.337567,0.2,5.42,9.26,-0.01,5.41,2.94,2009-05-01,15236.87459,15040.93195,10174.37078,5197.553,4717.399,14621.96411,5821.16291692,2694.38018965,5981.33960630714,10174.37078,6900.96618,3273.4046,0,969.744,1.80972391844011,402580.89755,-70461.6578606486,59.53,57.3
"30",2675.015537,820.120304,73.8316,0,746.288704,5069.407719,8265.99,4118.12,3725.24,239.68,10.1,172.85,12915.733908,12262.04,653.693908,0.2,5.63,9.24,-0.0755922617561566,4.53814808684534,2.86400825787396,2009-06-01,14744.53833,14523.42064,9077.99673,5193.51465,4727.606,14005.22556,5676.44671775048,2128.15091165,6278.731261148,9077.99673,6400.71395,2677.28278,0,1059.263,1.79621759112001,473911.15448,-59590.9623061072,69.69,68.61
"31",3151.775734,935.611685,74.526575,0,861.08511,5085.61538,8450.53,4224.56,3792.61,242.9,6.92,183.54,12999.396046,12361.32,638.076046,0.2,5.59,9.22,-0.0734788061194109,3.85255989549145,2.7884250126795,2009-07-01,14978.65562,14703.0775124476,10113.5817,5301.921,4839.381,14646.50275,5597.22220383333,2476.1806121,6256.46405733367,10113.5817,7012.30707,3101.27463,0,1171.535,1.69441496319996,465344.90758,-86989.9186552626,64.33,64.44
"32",3921.595644,1013.48342,75.242284,0,938.241136,5127.903194,8558.64,4225.75,3911.94,245.35,6.35,169.25,13031.681858,12417.19,614.491858,0.2,5.56,9.15,-0.29770815544731,3.32652819817149,2.48241548856095,2009-08-01,14775.87299,14525.11207,11354.74009,5421.83778,4943.669,14421.55732,6149.49536999429,3604.8743393,6214.40911767162,11354.74009,8091.53788,3263.20221,0,1144.888,1.39267204773023,602542.23151,-125673.940505,71.09,72.51
"33",4624.709272,883.162345,76.712004,0,806.450341,5095.486296,8604.16,4216.01,3994.22,248.55,4.19,141.19,13184.65119,12565.46,619.19119,0.2,5.57,9.15,0.63,3.29,3.12,2009-09-01,14256.40171,14059.563,8891.95591,5182.98261516129,4727.772,12926.54061,5548.5455047381,2667.43579985,6452.06983617543,8891.95591,6959.25604,1932.69987,0,926.195,2.32141338194992,507710.21937,-100550.350640071,69.31,67.65
"34",4604.785456,990.583984,75.497604,0,915.08638,5172.202382,8908.76,4413.26,4103.61,252.86,9.18,129.85,13382.731252,12715.29,667.441252,0.2,5.44,9.19,0.23702064186591,3.50383339578375,3.36783889533509,2009-10-01,14718.11695,14501.36483,9439.54694,5358.111,4902.157,14553.94613,5865.55045078095,3127.80436645,6775.45532344457,9439.54694,6313.75902,3125.78792,0,991.43,1.2710216474502,507884.67835,-132450.505139737,75.63,72.77
"35",5236.6674,1122.640466,76.095148,0,1046.545318,5680.644781,8841.8,4343.87,4073.28,268.41,2.02,154.22,13626.674604,12938.04,688.634604,0.2,5.44,9.19,0.34,4.02,3.71,2009-11-01,14308.33221,14120.54377,8579.65654,5041.72102,4574.401,13715.51793,5774.18382876,3360.75037295,7026.252,8579.65654,5733.6812,2845.97534,0,741.493,3.85616136856606,462927.40797,-129302.867366586,78.04,76.66
"36",3792.050943,1779.931475,77.364671,0,1702.566804,5876.797084,9395.8,4821.52,4114.56,303.32,3.49,152.91,13869.482792,13198.16,671.322792,0.2,5.24,9.19,0.575456302601921,4.31174363930484,4.31174363930493,2009-12-01,14568.3682583333,14366.610905,11451.90805,5155.41349,4671.172,13848.58508,5791.18351375905,3988.492,7141.19345016005,11451.90805,8943.06394,2508.84411,0,734.938,1.07272693538414,655083.4145,-179835.030236302,74.62,74.46
"37",3918.204351,1774.75877,77.224971,0,1697.533799,5902.74144,9442.47,4705.51,4265.88,306.33,7.84,156.91,13763.278095,13092.64,670.638095,0.2,5.24,9.13,0.83067396398701,4.4394110553949,0.83067396398701,2010-01-01,14373.31357,14375.42114,9546.81523,5226.83096,4748.011,13743.63089,5628.00584551714,3324.685815,6903.6436,9546.81523,7238.79113,2308.0241,0,726.945,0.342632887428067,579582.6035,-147833.222884744,78.3,76.19
"38",3602.990153,1521.913719,77.439156,0,1444.474563,6186.064296,9474.14,4655.5,4369.85,310.07,2.47,136.25,13791.585742,13155.08,636.505742,0.2,5.16,9.1,0.340806404009129,4.30910519698431,1.17431135806184,2010-02-01,13162.48775,12923.29865,8495.10382,4418.47892,3971.375,12541.87468,4883.66125040762,2836.3477096,6165.72441796324,8495.10382,6033.5613,2461.54252,0,752.48,1.7694259257479,476608.48527,-130066.557781221,76.34,73.64
"39",4007.064565,1710.185739,77.90467,0,1632.281069,6378.41054,9589.6,4762.45,4401.07,296.46,3.07,126.55,14110.392122,13366.61,743.782122,0.2,4.87,9.21,0.162925306271973,3.35129928734573,1.33914991471052,2010-03-01,14827.03032,14602.63526,11296.78212,3350.14885,2865.412,13923.93653,4069.73857115238,3632.25360395,6902.8413505461,11296.78212,8123.69327,3173.08885,0,371.44,2.05807400328405,622937.15429,-151551.507552971,81.25,78.9
"40",4321.985978,1798.440017,78.303752,0,1720.136265,6325.216941,9934.61,5095.04,4407.07,301.95,1.88,128.67,14507.188006,13746.34,760.848006,0.2,4.86,9.12,0.517318909656808,3.20996088389292,1.86339650010478,2010-04-01,14393.46171,14251.90887,11454.59886,3628.65854,3163.91,13631.34254,4054.09352952476,3571.01392415,6323.12319983333,11454.59886,9744.21009,1710.38877,0,778.352,2.27894263358007,791973.4646,-186181.583502759,84.44,84.79
"41",4575.327906,1928.38803,78.34093,0,1850.0471,6413.291231,10015.56,5053.14,4530.47,297.96,1.43,132.56,14780.991892,14049.92,731.071892,0.2,4.57,9.11,0.0167581025951336,3.23626197009736,1.88046687259716,2010-05-01,14830.70485,14566.3217,9450.47301,4739.029935,4275.291,14124.29918,4784.23271165333,4687.69083395,6579.21152387114,9450.47301,7816.5311,1633.94191,0,576.55,1.48080612139199,547666.82826,-227744.921298413,73.65,75.57
"42",4103.539473,1625.080332,78.665864,0,1546.414468,6485.803684,10255.86,5141.99,4612.63,310.69,2.5,188.05,15087.9866,14372.59,715.3966,0.2,4.4,9.02,-0.00920523648314031,3.30484930013641,1.87108853469141,2010-06-01,14719.89965,14566.03083,11792.61988,4934.32064,4473.468,13629.62122,5505.50009316857,3510.24564855,6327.893,11792.61988,8269.65101,3522.96887,0,969.007,1.51166614453018,621262.2751,-149156.540842992,75.29,74.85
"43",3857.604255,1664.510085,79.794747,0,1584.715338,6516.876703,10484.89,5181.63,4728.83,347.68,1.6,225.15,15457.593214,14710.02,747.573214,0.2,4.39,8.99,0.0195635043958049,3.40103719651741,1.89101808957495,2010-07-01,15244.52889,14960.03223,9695.88866,5232.886933,4748.092,14694.05011,5854.19738216667,3796.84745245,6515.6976,9695.88866,6776.17547,2919.71319,0,1103.703,2.25519239823984,543658.43648,-153063.401913524,76.11,75.64
"44",3490.404081,1554.723638,79.969243,0,1474.754395,6889.14365,10571.75,5235.03,4772.66,356.3,1.71,206.05,15805.65045,15021.5,784.15045,0.2,4.25,9.04,0.106528867946182,3.82027056336204,1.99956143768461,2010-08-01,15032.59665,14788.66085,9462.62815,4562.01545,4074.893,14267.85875,5176.93877105809,3225.04955415,6303.4773,9462.62815,6397.99069,3064.63746,0,929.616,2.08765416834012,508588.39152,-134885.813672804,76.62,77.07
"45",4353.370354,1575.657087,81.264515,0,1494.392572,6773.343569,10596.61,5192.91,4796.14,383.16,4.54,219.86,16218.520279,15384.89,833.630279,0.2,4.25,9.04,0.256951163152493,3.44004859527006,2.26165049720918,2010-09-01,14698.46461,14686.06271,10965.91037,4633.7136,4177.055,14344.54677,5052.40581283524,4331.16910065,6944.9275,10965.91037,9172.01418,1793.89619,0,522.745,2.17521567190192,650827.31462,-171926.406417376,75.14,77.8
"46",3668.879978,1876.489665,81.299613,0,1795.190052,6787.550946,10730.75,5281.36,4844.98,385.53,1.82,217.06,16477.850237,15683.04,794.810237,0.2,4.3,8.94,0.25432109850301,3.45790188005247,2.52172345010105,2010-10-01,15421.83251,15223.72115,11232.08048,4794.30929,4311.502,15343.69926,6036.77038177333,4004.1562554,7343.157,11232.08048,7630.70688,3601.3736,0,1092.912,3.17121737305979,651140.44162,-194585.871626957,81.89,82.75
"47",3451.123532,1706.890429,81.761841,0,1625.128588,7189.807752,10893.22,5420.46,4896.34,394.78,8.8,172.84,16842.283506,15974.63,867.653506,0.2,4.3,8.94,0.27071901484942,3.3908341237587,2.79926924983181,2010-11-01,15238.102859,14758.79398,9823.40922,4978.14318,4496.792,14014.78054,5403.63203285714,3873.12096755,6737.3875,9823.40922,6930.51564,2892.89358,0,1268.7492,1.30009060284988,632968.91153,-190140.079383713,84.08,85.33
"48",2622.053708,1689.161015,82.432862,0,1606.728153,7125.912557,11468.85,5796.82,5101.81,403.58,2.51,164.13,17272.747069,16348.54,924.207069,0.2,4.28,8.68,0.514367298987779,3.32803507445128,3.32803507445128,2010-12-01,15479.335333,15017.09647,11248.14148,5025.02212,4537.727,14923.96759,5437.11161083048,3435.68761,6886.458,11248.14148,9107.90745,2140.23403,0,1166.3265,2.80560679584005,832830.23274,-179946.57543636,89.15,91.53
"49",2869.452144,1407.846058,82.292037,0,1325.554021,7214.658044,11292.6,5586.78,5084.81,411.31,37.88,171.82,17428.762584,16485.14,943.622584,0.2,4.55,8.59,0.679187687455297,3.17279680538687,0.679187687455297,2011-01-01,15526.29366,15249.13516,10286.98147,5050.64447,4975.02113,15130.3736,5635.37818571429,2480.092477,6639.04327929219,10286.98147,8832.83888,60.5869999999995,1393.55559,923.41115,1.1191074824801,801458.34458,-135140.214167562,89.49,96.35
"50",3906.942944,1572.112504,81.765212,0,1490.347292,7469.584837,11494.66,5658.44,5183.07,424.39,40.38,188.38,17577.041077,16652.27,924.771077,0.2,4.51,8.25,0.55,3.39,1.24,2011-02-01,14253.46926,14050.84176,10677.92341,4292.39468,4228.9245,13953.34967,5109.3851647619,2811.555285,6295.44317207914,10677.92341,9149.32903,85,1443.59438,762.76562,1.72972060003599,831144.80908,-148654.3384585,89.4,103.76
"51",3947.486015,1861.657955,81.680068,0,1779.977887,7682.439237,11922.11,5827.23,5382.16,407.75,30.06,274.91,17852.78283,16917.53,935.25283,0.2,4.59,8.65,0.336826296702,3.57250452242954,1.57891375054064,2011-03-01,15549.98971,15457.84493,11579.28729,4915.3778,4841.6026,15070.29459,5787.02359428572,3184.4904925,7137.63485701043,11579.28729,9607.25506,197.83289,1774.19934,1190.87014,2.28066317119988,1073925.04123,-226434.473921366,102.99,114.6
"52",4164.84114,1988.736568,81.716566,0,1907.020002,7468.393115,12450.08,6355.3,5470.53,422.47,5.57,196.21,18221.869737,17336.27,885.599737,0.2,4.6,8.34,0.820080332324991,3.88446826319249,2.41194244399819,2011-04-01,15114.10173,14806.04356,8455.08923,4759.22417,4693.46939,14398.49196,5614.88174571429,3831.9766765,6587.34231749009,8455.08923,8363.08923,51.7299999999996,40,806.17812,2.50250134232806,1004846.84325,-284759.120349648,109.89,123.72
"53",3884.341712,1776.6108,82.09353,0,1694.51727,7690.576495,12508.79,6224.95,5653.43,422.87,26.08,181.46,18513.986835,17586.35,927.636835,0.2,4.6,8.34,0.35,4.23,2.77,2011-05-01,15423.53591,15242.74472,10913.71888,4716.49016,4643.64494,14814.41866,5854.66962047619,3575.7390099,6765.09182050124,10913.71888,10193.70183,0,720.01705,779.48701,2.46563472030209,1120178.41417,-304158.858880192,101.19,115.1
"54",3841.484984,1829.724546,82.114227,0,1747.610319,7737.905201,12712.3,6309.32,5809.23,427.28,27.78,138.69,18865.055331,17642.63,1222.425331,0.2,4.58,8.37,0.0397720219887248,4.27733866441511,2.80700674885109,2011-06-01,14848.45352,14579.52766,10681.29965,4916.88156,4848.70902,14058.30176,6027.99430904762,3057.59229255,6613.03979098748,10681.29965,9201.18807,5.63999999999942,1474.47158,801.02491,2.34289343376406,976136.44549,-220622.401976316,96.21,114.04
"55",3980.670548,1925.087876,82.462857,0,1842.625019,7857.371758,13005.14,6437.44,5869.05,434.45,44.4,219.8,19174.389446,17968.57,1205.819446,0.2,4.58,8.37,0.18,4.44,2.99,2011-07-01,15239.8076,14898.95775,10715.94863,5163.35415,5094.37587,14357.59064,6229.11313190476,3498.45564185,6668.22774377295,10715.94863,9463.83654,0,1252.11209,1155.80271,2.80056629914998,1044098.20138,-259657.300670228,97.14,116.889
"56",4124.620068,1919.775893,82.762439,0,1837.013454,7971.235305,13249,6463.11,6083.83,449.99,45.62,206.45,19564.943135,18341.66,1223.283135,0.2,4.58,8.37,0.485975314936795,4.83612196602752,3.48825907371208,2011-08-01,15363.54325,15186.22278,10008.63467,4966.91821,4916.7563,14735.09656,6299.10919857143,3217.68891465,7008.17264652005,10008.63467,8619.64659,0,1388.98808,1305.59512,2.46764288021996,890618.16528,-247982.971260667,86.3,110.46
"57",3635.418187,1916.421128,82.841513,0,1833.579615,7797.103799,13683.4,6478.37,6382.48,485.8,28.6,308.15,20129.940176,18870.71,1259.230176,0.2,4.58,8.37,0.79,5.39,4.31,2011-09-01,14847.93684,14587.47288,10277.38741,4928.44106,4861.89055,14059.03745,6356.06325761905,3609.14473,7101.95977992367,10277.38741,8348.08115,0,1929.30626,1298.26705,3.33860606075996,917454.8701,-270776.307802759,85.6,113.13
"58",4548.591143,1837.525252,83.414454,0,1754.110798,7761.141298,13849.26,6446.8,6483.31,510.19,49.28,359.68,20461.556649,19201.88,1259.676649,0.2,4.53,8.17,0.352159155305372,5.49727261735846,4.67403353043172,2011-10-01,15547.18218,15093.20204,9368.74488,4784.23733,4712.85593,14672.371,6142.80393095238,3959.86277,7218.76194882291,9368.74488,7803.99042,2.23300000000017,1562.52246,956.10094,2.73449737930036,886357.67954,-289072.146762599,86.45,109.44
"59",4093.684016,1604.621916,82.813536,0,1521.80838,7746.341977,13790.41,6476.85,6403.41,544.36,21.75,344.04,20835.110239,19575.79,1259.320239,0.2,4.53,8.17,0.3,5.53,4.99,2011-11-01,15123.9732,15012.25161,9139.61847,4646.85737,4579.73672,14645.54733,5430.39910142857,3495.44583,7294.44967012143,9139.61847,7383.56373,8.49902999999904,1747.55574,729.41068,1.58438919550599,900813.27616,-258271.471203823,97.11,110.66
"60",2957.620284,1677.976417,83.197874,0,1594.778543,7854.633436,14556,6956.64,6689.12,528.32,25.8,356.12,21152.620197,19876.43,1276.190197,0.2,4.53,8.17,0.4,5.41,5.41,2011-12-01,15518.6402,15255.4469,9626.99007,4631.11813,4562.69043,14157.5471,5559.41935666667,4298.77427,7283.60706174172,9626.99007,8632.55478,0,994.43529,588.48412,3.7553244607841,967037.26515,-304345.888425011,98.58,107.86
"61",3371.378763,1782.674645,83.402306,0,1699.272339,8197.005429,14501.41,6801.14,6777.06,513.46,12.93,396.82,21133.14746,19815.12,1318.02746,0.2,4.53,8.17,0.56715220867816,5.29208305139121,0.56715220867816,2012-01-01,15625.37881,15478.90437,13058.14345,4551.1554,4480.42611,15479.70732,5839.1065508381,3587.23662425,6661.91962585962,13058.14345,12285.91573,0,772.22772,778.37624,1.44618354930401,1305049.38861,-272430.449734425,100.3,110.58
"62",3375.537248,1789.534244,83.006349,0,1706.527895,8407.690936,14925.4,6878.32,7067.03,512.28,36.26,431.51,21389.289992,19980.15,1409.139992,0.2,4.53,8.17,0.77748701288109,5.52509231279319,1.349048756325,2012-02-01,14590.95365,14200.20523,10898.66845,4740.88696,4693.84991,13657.51614,5641.39130773178,2767.268939234,6334.06233776852,10898.66845,8608.17445,0,2290.494,954.60775,4.16979674769004,1002634.5864,-193639.071102459,102.35,119.56
"63",3368.089102,1993.361869,82.884368,0,1910.477501,8779.762818,15188.8,6978.7,7261.56,522.63,32.94,392.97,21849.939896,20421.47,1428.469896,0.2,4.53,8.17,0.9,6.12,2.26,2012-03-01,15479.717,15336.90017,9860.66766,4807.18495,4763.44873,14887.28742,5777.9428018678,2934.750155779,6882.92304029438,9860.66766,8692.52507,0,1168.14259,777.66083,3.46740476149603,1067758.04919,-242595.817310847,106.31,125.33
"64",3787.385099,1722.327053,82.539484,0,1639.787569,8469.931997,15459.8,7336.6,7236.71,523.3,13.23,349.96,22327.149136,20817.85,1509.299136,0.2,4.53,8.17,0.157995995095092,5.42147417266921,2.42369049373335,2012-04-01,15011.338119,14747.4638,10300.46713,4866.29916,4800.92028,14244.01927,6115.32085094818,3215.730582516,6536.04221162762,10300.46713,9238.60397,0,1061.86316,1408.79274,2.27269082217003,1189984.18214,-283432.253650571,103.35,119.71
"65",3918.082389,1737.621815,83.258436,0,1654.363379,8642.999292,15712.91,7318,7480.11,542.64,18.26,353.9,22635.154023,21077.46,1557.694023,0.2,4.53,8.17,-0.194056212636355,4.85425835747773,2.22493095911883,2012-05-01,15433.00539,15206.089997,11437.85788,4766.9799,4686.31397,14993.83186,6457.33872800152,4149.701849432,7140.38918580548,11437.85788,9885.40001,0,1552.45787,1148.89742,4.67573804446033,1118307.4755,-316555.940194568,94.45,110.27
"66",3930.91677,1913.8088,83.414597,0,1830.394203,8548.293292,15887.6,7292.97,7547.53,574.28,23.56,449.26,22994.026936,21394.18,1599.846936,0.2,4.53,8.17,0.18,5,2.40392154409326,2012-06-01,15050.28206,14729.55773,10264.33016,4788.237017,4728.13217,14554.12161,5877.45950900681,3961.45986,6963.24658643933,10264.33016,9337.65505,0,926.67511,1158.06258,3.89667874585984,908799.11529,-295379.694581531,82.33,95.19
"67",4040.320791,1803.003329,82.833945,0,1720.169384,8439.796204,15787.2,7235.66,7537.52,592.37,13.45,408.2,23139.936446,21605.52,1534.416446,0.2,4.53,8.17,0.26,5.09,2.67,2012-07-01,15748.23774,15548.34735,10177.89412,4309.2124,4235.81195,15175.23575,5963.21169554467,3329.00845,7038.86854879486,10177.89412,8539.34331,0,1638.55081,742.86955,3.46121965950806,841949.68651,-239360.860087323,87.79,102.59
"68",4218.813962,2499.94257,83.26651,0,2416.67606,8383.975825,16033.95,7288.15,7714.28,592.62,32.48,406.42,23438.391839,21882.95,1555.441839,0.2,4.53,8.17,0.288667224599791,4.87926889775538,2.96780719929962,2012-08-01,15872.589278,15616.5256,11302.72165,4802.41,4739.95642,15294.74877,5871.92539497743,3793.64674,7414.52138555419,11302.72165,10058.69375,0,1244.0279,766.29588,3.93113045623988,1042719.29044,-301992.229572592,94.08,113.48
"69",4883.431682,2390.614149,83.158872,0,2307.455277,8623.040313,15965.1,7236.29,7697.44,621.32,13.15,396.9,23900.572248,22304.71,1595.862248,0.2,4.53,8.17,1.12,5.22,4.12,2012-09-01,15193.39643,14902.529549,11460.39961,4549.74149,4481.54349,14546.31149,6119.38922535305,3657.46355,7125.68560024629,11460.39961,9435.31634,0,2025.08327,745.17706,2.19545231510801,1021368.43554,-313034.161460245,94.55,112.86
"70",4033.188818,2294.792078,83.289644,0,2211.502434,8682.373971,16154.54,7239.19,7848.9,647.31,18.35,400.79,24054.273343,22442.86,1611.413343,0.2,4.53,8.17,0.09,4.94,4.21,2012-10-01,15588.8071,15332.49332,10421.79786,4758.867179086,4687.733711432,14923.06598,5904.26586714905,3880.2472338125,7961.66823801295,10421.79786,9017.48515,0,1404.31271,351.1178,3.67363476180998,888023.13924,-329625.848117075,89.47,111.61
"71",3442.964097,2210.662435,83.082588,0,2127.579847,9045.571418,16020.97,7265.27,7874.54,649.51,22.05,209.6,24053.634158,22553.95,1499.684158,0.2,4.53,8.17,0.14,4.77,4.36,2012-11-01,15125.05517,14727.73288,9278.00729,4901.22439,4823.87496,14388.12097,5749.3686171101,3896.23227,7456.94572642048,9278.00729,8137.48452,0,1140.52277,516.79937,2.94188871958795,796442.33853,-322999.011550633,86.59,109.11
"72",2482.528069,2444.756208,84.516947,0,2360.239261,9533.203927,16464.51,7820.96,7806.21,638.45,1.14,197.75,24258.572737,22672.91,1585.662737,0.2,4.53,8.17,-0.18578186128189,4.16390961004486,4.16390961004486,2012-12-01,15604.52528,15408.27364,11054.96556,4531.78409,4460.57643,15251.38559,6277.08596772695,3842.71674,7751.83754341729,11054.96556,9084.47768,0,1970.48788,689.19026,4.97689601076195,915115.35292,-294621.298631515,88.23,109.29
"73",2827.100607,2239.624904,83.714124,0,2155.91078,9369.264935,16496.01,7587.33,8102.36,616.74,2.93,186.65,24228.664592,22642.12,1586.544592,0.2,4.53,8.17,0.502822931998949,4.0972796139266,0.502822931998949,2013-01-01,15656.41783,15491.6687,10507.93187,4968.36842,4898.49605,15570.9576,5996.51806058333,3278.88693,7581.51699917143,10507.93187,9145.25464,0,1362.67723,381.08509,55.979011248593,956260.72233,-245871.934636862,94.77,113.01
"74",4212.811899,2546.008535,83.873203,0,2462.135332,9561.133279,16696.86,7608.26,8239.98,626.29,11.48,210.85,24221.290325,22574.69,1646.600325,0.2,4.53,8.17,0.184694274386914,3.48495921101515,0.688445891551569,2013-02-01,14262.41351,13928.24684,11703.73844,3169.84539,3092.40119,13512.28421,4787.001551958,4174.41358,6570.95224875714,11703.73844,10298.54472,0,1405.19372,347.26568,13.23257291428,1073277.53976,-352876.312203491,95.31,116.29
"75",4373.02641,2831.23737,83.79172,0,2747.44565,9453.26751,16633.99,7697.29,8082.7,636.06,10.18,207.76,24483.56065,22827.4,1656.16065,0.2,4.53,8.17,0.438384470034208,3.01058048230955,1.12984840145893,2013-03-01,15631.09342,15279.13044,11931.45129,3583.50626,3511.49968,14830.8551,4992.34154399043,4275.05505,6846.89956291191,11931.45129,10548.36475,0,1383.08654,556.3777,107.137932315854,1086487.61595,-365807.349528823,92.87,108.37
"76",4660.865729,2638.015029,83.506967,0,2554.508062,9252.891682,16867.16,8037.04,7967.69,628.31,3.11,231.01,24828.602472,23109.51,1719.092472,0.2,4.53,8.17,0.179006428104671,3.03218931023186,1.31087733083005,2013-04-01,15471.80133,15236.23276,10306.7654,3668.76876,3594.19695,14878.69694,5029.17467422709,3683.82048,7359.26388664762,10306.7654,9074.57476,0,1232.19064,526.65203,36.0524015966579,920108.79998,-284034.860077051,91.97,102.17
"77",4191.099715,2536.65688,84.632108,0,2452.024772,9626.691263,17021.99,8014.69,8175.31,646.96,0.5,184.53,24968.687605,23287.39,1681.297605,0.2,4.53,8.17,-0.217898310128376,3.00757651254533,1.09012264114994,2013-05-01,16166.88293,16075.84661,10899.18329,5032.09556,4965.01912,15736.09727,6068.95017721848,3701.85584,7815.7985662881,10899.18329,9865.34558,0,1033.83771,364.61936,57.179329361273,987219.51823,-279358.189999525,94.6,102.53
"78",3760.544929,2672.246677,84.233698,0,2588.012979,9316.613218,17144.28,8069.44,8243.09,639.32,3.2,189.23,25258.099181,23592.75,1665.349181,0.2,4.53,8.17,-0.144789863383934,2.68,0.943754390683165,2013-06-01,15721.28731,15398.04162,11386.33149,4486.49369,4419.53381,14742.43212,5915.68250062048,4533.10975,7262.71777979762,11386.33149,9833.35102,0,1552.98047,382.30675,10.159926943978,966887.74836,-347319.813288883,95.74,102.92
"79",3670.008017,2472.542864,84.546609,0,2387.996255,9370.512969,17204.89,8070.19,8287.8,661.67,5.87,179.36,25541.308013,23868.05,1673.258013,0.2,4.53,8.17,-0.0186603343815079,2.39201100734063,0.924917948576615,2013-07-01,16437.44656,16033.20111,12568.55544,4829.67199,4746.29244,16243.83617,6555.76088961747,3206.89959,7533.71154876667,12568.55544,11212.16781,0,1356.38763,759.7336,112.043381916545,1208801.94875,-238268.80895985,104.51,107.96
"80",4508.120442,2720.735356,84.613598,0,2636.121758,9376.692174,17710.51,8243.37,8566.97,691.19,1.09,207.89,25894.279964,24185.38,1708.899964,0.2,4.53,8.17,0.173590944253903,2.27452124414067,1.10011446663103,2013-08-01,16634.12909,16402.49126,12027.39048,4766.79901,4687.03553,16082.67408,6225.37375703625,4977.73087,7557.73588433809,12027.39048,10687.61022,0,1339.78026,905.67792,88.042325654032,1134210.6088,-354729.269845504,106.55,111.27
"81",4233.499972,2764.772047,84.325152,0,2680.446895,9560.278322,17671.54,8086.17,8674.17,697.04,19.92,194.24,26039.241162,24380.34,1658.901162,0.2,4.53,8.17,0.567880699847194,1.7141731147785,1.67424250421044,2013-09-01,16053.29793,15891.68925,12721.65259,4811.18185,4729.35717,15648.90658,6190.68779027005,4279.181490725,7520.5852730881,12721.65259,11324.01022,0,1397.64237,1104.94637,81.3211314416999,1212871.46108,-303675.090743248,106.26,111.9
"82",4206.004632,2824.721664,85.246661,0,2739.475003,9736.174915,17943.91,8160.58,8886.12,703.35,21.63,172.23,26272.104192,24476.6,1795.504192,0.2,4.53,8.17,0.408272122399623,2.04168008489924,2.08935009201612,2013-10-01,16736.98204,16371.58035,11599.86619,4622.56104,4543.74607,16357.30539,6211.72262174614,4681.424322932,7945.52240571191,11599.86619,10276.9325,0,1322.93369,1117.99572,116.67830580096,1054159.20028,-324894.760183506,100.41,109.04
"83",4051.057716,3357.504853,85.701091,0,3271.803762,10018.635496,18232.4,8260.49,9022.96,723.35,24.46,201.14,26658.196778,24870.91,1787.286778,0.2,4.53,8.17,0.394188626206329,2.3013635719509,2.49177469864681,2013-11-01,16349.71531,16064.93826,11489.37678,4588.43367,4511.12108,15376.4313,6184.86008698628,3991.5617864565,8080.44693916667,11489.37678,10241.28283,0,1248.09395,732.87942,62.7008354438909,936839.84766,-278763.405402398,93.76,107.97
"84",4360.521658,3985.46532,87.330005,0,3898.135315,10494.461724,18886.47,8908.88,9010.76,734.41,19.58,212.84,26812.32157,25074.39,1737.93157,0.2,4.53,8.17,0.203496635225278,2.70034201154125,2.70034201154123,2013-12-01,16995.21724,16711.89289,13102.793,3734.355371,3651.096023,16326.1211,5431.59092617443,3835.50295,8293.77026333333,13102.793,11624.61552,0,1478.17748,0,4.637270014234,1054755.60722,-291252.750642954,97.72,110.81
"85",4182.72646,3493.02791,86.154588,0,3406.873322,10173.43548,18922.02,8692.68,9325.56,730.28,4.72,168.78,26731.76949,25000.49,1731.27949,0.2,4.53,8.17,0.721709621701237,2.92401471284846,0.721709621701237,2014-01-01,17054.3035,16878.0173,11572.41624,4883.18717,4806.625,15606.94566,6053.05425238095,5413.64301,7959.20250049886,11572.41624,10217.95665,0,1354.45959,170.58118,57.728162394788,953477.54036,-392881.793594841,94.9,108.26
"86",4332.405628,3325.529769,86.647344,0,3238.882425,10118.628709,19143.52,8730.13,9456.84,749.97,9.04,197.54,26625.241396,25331.65,1293.591396,0.2,4.53,8.17,0.109903584468114,2.84717904323503,0.832406390913052,2014-02-01,15422.17593,15081.44813,11127.88495,4166.3753010226,4099.6966957556,14291.91206,5493.53638227157,3737.15327,7536.83222738719,11127.88495,9702.72269,0,1425.16226,568.95321,40.185511575826,1011176.91311,-293521.512578436,100.78,108.87
"87",3976.251628,3473.137565,86.92014,0,3386.217425,10177.076061,19139.87,8705.57,9379.22,750.05,0.08,304.95,26836.041411,25526.51,1309.531411,0.2,4.53,8.17,0.696282101011221,3.11126178379158,1.53448438863187,2014-03-01,17255.03736,16946.56534,13100.92804,4206.2351532772,4131.9295398254,15618.94949,5711.1811438101,4479.92383,7839.04362274852,13100.92804,12017.6278,0,1083.30024,547.51954,73.426147654763,1214307.80972,-357423.805009849,100.53,107.55
"88",3568.892463,2906.400988,86.504072,0,2819.896916,9894.410351,19462.85,9138.12,9288.91,754.89,0.02,280.91,27202.076031,25874.01,1328.066031,0.2,4.53,8.17,0.29547589806184,3.2311403335473,1.83449431822163,2014-04-01,16805.65303,16584.39419,8569.34499,4357.506872464,4294.562503313,16199.6452,5905.56198373495,3982.77898,7796.09994371886,8569.34499,7523.898,0,1045.44699,355.42322,26.653019126686,775868.6603,-305020.203958397,102.02,107.69
"89",4010.307098,3140.473874,87.032545,0,3053.441329,9907.409289,19652.85,9059.58,9559.78,753.7,0.53,279.26,27406.193156,26144.03,1262.163156,0.2,5.11,7.64,-0.04112400392919,3.41402496818177,1.79261589677691,2014-05-01,17182.81141,16929.925,15573.33458,4338.3495013451,4266.0631651349,16729.81794,5715.4025157037,4648.86663,7869.79431393238,15573.33458,13923.75622,0,1649.57836,189.43244,47.290871951708,1353938.89837,-334714.722736525,102.03,109.67
"90",5822.3908,3376.466145,87.097392,0,3289.368753,10537.723295,19765.53,9047.54,9688.47,762.22,0.55,266.75,27456.649526,26234.93,1221.719526,0.2,5.19,8.19,0.10406116208037,3.67174498224532,1.89854247579113,2014-06-01,16658.194831,16364.57065,13043.60942,4905.42282,4826.671,14919.35663,6545.17519246467,4209.9103291745,7384.56922983191,13043.60942,12094.98641,0,948.62301,0,5.183659992108,1200221.68015,-321561.609338074,105.24,111.66
"91",5557.394239,3163.460776,87.111238,0,3076.349538,10540.556745,19920.02,9072.95,9831.53,757.66,6.03,251.85,27737.615414,26454.83,1282.785414,0.2,4.98,8.21,0.4,4.11,2.30956808749696,2014-07-01,17310.18929,17053.33652,12778.46766,3904.73619,3825.407,16570.76157,5710.44621273271,4035.5267738575,7635.35498674619,12778.46766,11384.68247,0,1393.78519,0,5.681849088578,1038659.65304,-284239.607746209,102.87,106.64
"92",6171.203926,3504.038381,86.76512,0,3417.273261,11149.515747,20178.04,9264.98,9905.71,762.98,8.4,235.97,27967.302411,26707.48,1259.822411,0.2,5.14,8.16,0.20942574696835,4.14659299986919,2.52383066468428,2014-08-01,17310.74651,17108.05871,14624.02117,3659.49862,3576.21818,16765.70104,5449.79557677105,5010.74302,7669.02943402919,14624.02117,13465.80638,0,1158.21479,0,4.901675597442,1161644.87148,-333431.830066703,96.38,101.56
"93",6689.22812,3188.942764,87.560705,0,3101.382059,11408.95104,20121.45,9082.14,10026.81,778.98,17.63,215.89,28219.005387,26961.27,1257.735387,0.2,4.98,7.86,0.61272423195359,4.19303229096758,3.15201901869387,2014-09-01,16527.54395,16262.48808,12376.95914,3649.85024,3623.00736,15857.65523,5166.38948594538,4393.12818,7913.41921339681,12376.95914,11068.70074,0,1308.2584,0,14.2254708982516,924261.05956,-304009.782900836,93.36,97.3
"94",6002.572778,3374.216793,87.602667,0.01,3286.604126,11194.311383,20635.94,9253.24,10316.3,799.19,0.4,266.81,28493.653249,27287.8,1205.853249,0.2,5.08,8.34,0.20279792172229,3.97981300560792,3.36120916947837,2014-10-01,17274.19226,16960.23532,13834.08202,2039.20815,1965.84306,16030.33569,4168.0283776601,5504.8038584455,8384.87531976071,13834.08202,12328.65826,0,1503.77876,0,7.693664692545,903051.52506,-367264.411989327,84.43,87.41
"95",5863.302051,3598.770392,88.084971,0.075326,3510.610095,11688.44358,20685.9,9291.34,10319.99,808.99,0.6,264.98,28690.846372,27542.47,1148.376372,0.2,5.07,8.13,0.18123108489477,3.75924958827518,3.54853181021622,2014-11-01,16884.76805,16620.17353,14722.22463,2900.97899,2813.84244,16551.48487,4658.64674391695,5930.7395731025,8107.98652273543,14722.22463,13199.0017,0,1523.22293,418.3506,85.248811693984,835632.46449,-354009.131195378,76.04,78.9
"96",3949.069575,3592.707119,86.581904,0.07839,3506.046825,11262.967291,21465.01,9979.06,10329.88,817.06,0.6,338.41,29156.623085,27926.53,1230.093085,0.2,5.18,8.19,0.11475334284153,3.66735721193211,3.66735721193211,2014-12-01,17394.03068,17053.28137,13336.48079,3611.5643925059,3527.5504766475,16491.80406,5408.45974580365,5798.1882793155,8552.85044299524,13336.48079,11726.39175,0,1610.08904,373.65253,65.531032561039,544458.82971,-251087.630471811,59.5,62.53
"97",3654.688002,2859.309375,87.412042,0.075324,2771.822009,10886.570802,21117.57,9618.09,10273.31,956.23,0,269.94,29358.861447,28126.33,1232.531447,0.2,5.22,7.84,0.59036547820282,3.53217185567081,0.59036547820282,2015-01-01,17289.41015,17024.99255,14451.4683,3420.64712,3346.24579,17083.69647,5252.97229557733,4925.6333997075,7888.55619482591,14451.4683,12496.63605,0,1954.83225,203.32283,45.603399436092,528169.65707,-221939.705989558,47.29,47.86
"98",3717.301389,2708.317198,87.075282,0.266955,2620.974961,10943.472725,21266.15,9588.64,10254.9,1145.95,2.4,274.26,29768.972127,28538.96,1230.012127,0.2,5.32,7.41,0.61239066236257,4.05183651062593,1.20637148362771,2015-02-01,15487.52369,15215.1832,11666.81812,3387.97509,3316.48275,14993.75189,4821.425304886,4706.4279578715,6903.69332061038,11666.81812,9530.96739,0,2135.85073,798.15451,185.253895290376,436030.59389,-189211.511196557,50.76,58.13
"99",3667.73666,3001.694879,86.118815,0.436181,2915.139883,11001.616475,21316.95,9506.5,10362.39,1174.07,14.8,259.19,29840.700819,28692.15,1148.550819,0.2,5.31,7.31,0.41418583758795,3.76033980717596,1.62555394104954,2015-03-01,17134.43263,16875.99023,13676.87018,4082.2339616392,4000.0169433375,16481.21957,5733.0639758811,4005.52214,7883.74058880857,13676.87018,12083.8079,0,1593.06228,581.44228,117.591185496626,546394.86399,-138274.81559367,47.77,55.93
"100",3439.927531,2404.648184,86.17894,0.521665,2317.947579,10321.430545,21424.56,9660.77,10292.04,1165.36,0.6,305.79,29942.43761,28803.02,1139.41761,0.2,5.39,8.09,0.837239516663374,4.32081949639538,2.47603090686772,2015-04-01,16436.798,16179.4057,10095.74015,4010.4360683683,3934.6916247863,15659.19229,5425.84867436401,5019.6117168725,7466.99244262119,10095.74015,8915.90786,0,1179.83229,409.7791,102.021174694995,519748.04417,-166136.529509905,54.43,59.5
"101",4567.459056,2997.969686,86.890769,0.577299,2910.501618,10521.343154,21438.72,9539.61,10387.4,1197.87,0,313.84,29758.155083,28639.23,1118.925083,0.2,5.51,8.45,0.177027623161138,4.54849068903227,2.65744178869203,2015-05-01,16838.94781,16543.86246,13199.79812,3436.732675206,3364.297930142,15797.12404,5424.84574032262,4678.7982996995,7689.51861310462,13199.79812,12139.66838,0,1060.12974,594.11055,121.406742365602,722341.30075,-182457.801411165,59.28,64.32
"102",4739.191386,3027.303187,86.785893,0.610639,2939.906655,10522.657594,21060.17,9331.49,10185.11,1222.36,0.6,320.61,29365.079049,28291.37,1073.709049,0.2,5.48,8.7,0.41,4.87,3.08,2015-06-01,16231.32358,15991.11355,12154.30669,3461.1958911443,3394.0721227841,16227.79482,5380.48768442739,4791.980411902,7499.78954321271,12154.30669,10231.92833,0,1922.37836,592.25468,164.139873704218,584573.36916,-172823.481523672,59.81,61.69
"103",4771.966365,2932.65535,86.526715,0.65264,2845.475995,10403.941365,21140.45,9190.41,10458.15,1219.36,0.6,271.93,29714.251951,28678.82,1035.431951,0.2,5.54,8.54,-0.08,4.36,2.99,2015-07-01,16671.71886,16393.05973,14618.2347,3676.46516,3602.62322,16810.97572,5593.40248341434,4261.3338539425,7781.97497988762,14618.2347,13229.03006,0,1389.20464,600.33965,169.154427883596,575647.32484,-150183.52175765,51.17,56.54
"104",4201.407863,2752.252957,86.155542,0.752214,2665.345201,10345.669332,20768.43,8958.33,10293.64,1244.69,0.8,270.97,29381.792308,28326.45,1055.342308,0.2,5.55,8.06,-0.00130890992369,4.14165848822596,2.99290005159836,2015-08-01,16651.09652,16405.01125,14460.78412,3675.5796697959,3599.0482624791,16828.16861,5578.32104315209,5004.9932840285,7867.12834694829,14460.78412,12544.70005,0,1916.08407,764.67076,132.447336759196,489645.91128,-137730.979047713,42.77,46.72
"105",3511.564106,2581.117567,87.190649,0.757164,2493.169754,9642.524738,20575.06,8781.52,10293.45,1258.21,0,241.88,29172.979757,28145.77,1027.209757,0.2,5.55,8.06,0.26,3.78,3.27,2015-09-01,16169.25619,15900.54218,12346.40933,3366.0256373166,3287.7803060137,16280.45288,5222.78256446601,4631.8915036805,7776.31176483914,12346.40933,10313.40296,0,2033.00637,0,53.629696229538,413754.44694,-116179.074181673,45.48,47.61
"106",3308.362983,2848.591048,86.848094,0.762391,2760.980563,9265.690184,20617.21,8726.49,10335.82,1296.5,0,258.4,29005.332967,27890.02,1115.312967,0.2,4.98,9.11,-0.09,3.48,3.17,2015-10-01,16677.52528,16410.45035,11194.88585,3548.0688174416,3459.9773107711,16834.53631,5509.00964642016,5052.1887186465,8217.29260670338,11194.88585,9519.4708,0,1675.41505,374.87071,117.258821703308,373393.34707,-104505.465546263,46.26,48.56
"107",3126.319721,2917.200333,86.495713,0.776882,2829.927738,9214.244165,20359.85,8542.1,10256.1,1287.31,1.5,272.84,28675.913249,27598.06,1077.853249,0.2,5.11,9.22,0.11,3.4,3.28,2015-11-01,16110.03461,15799.58022,12024.52393,3666.046960587,3603.1187848271,16224.05257,5211.25203149296,5111.607923762,7528.53633193071,12024.52393,10226.71247,0,1797.81146,190.55616,49.692291647126,324617.14581,-82813.6912361222,42.67,44.3
"108",2495.956626,3140.47869,86.256284,0.777388,3053.445018,8653.901406,20608.96,8873.87,10238.16,1256.88,0,240.05,28168.592966,27019.98,1148.612966,0.2,5.14,9.12,0.09,3.38,3.38,2015-12-01,16531.54878,16211.72182,11875.2573,5202.5263732353,5134.584732206,16506.6222,6849.82318769583,3889.914116083,8296.89694321995,11875.2573,10132.72472,0,1742.53258,583.39579,160.581866767216,285944.64472,-50800.9283637342,37.23,38.16
"109",3207.359381,3844.976981,84.886662,0.79337,3759.296949,8871.553446,20932.51,8742.67,10432.38,1233.47,0,523.99,27898.029381,26737.49,1160.539381,0.2,5.62,9.15,0.31,3.09,0.31,2016-01-01,16560.66977,16301.77105,12632.84051,4954.658073251,4897.9741495851,15938.99742,6497.65427622162,4443.245259608,7526.63526752448,12632.84051,10911.75202,0,1721.08849,923.92538,145.12428672194,253130.0842966,-31007.8775434756,31.46,30.75
"110",3341.642233,3992.754702,83.982169,0.802315,3907.970218,9346.315664,20690.55,8640.84,10541.02,1237.2,0,271.49,27745.757975,26583.78,1161.977975,0.2,5.83,8.88,0.14,2.6,0.45,2016-02-01,15649.24348,15352.69242,10475.85317,4790.4215269688,4769.1213547947,14675.37752,6072.42469837397,3842.8973938185,7209.16906540914,10475.85317,9242.62332,0,1233.22985,926.67073,156.39499069951,225957.143482,-11507.4529789992,30.33,32.46
"111",2573.06831,4015.000442,83.351993,0.799597,3930.848852,9460.981187,20860.77,8611.96,10696.03,1239.08,0,313.7,27709.115212,26555.97,1153.145212,0.2,5.95,8.86,0.13701561817351,2.32084641085774,0.58425333545103,2016-03-01,17096.98492,16817.19545,11868.36,5394.0100627981,5349.2625156773,16283.36595,6867.52834742702,3779.8353941745,7475.64001776567,11868.36,10110.26967,0,1758.09033,759.10368,150.325775123784,304885.75294,-28651.7895235113,37.77,38.51
"112",2485.023691,3794.986196,83.903732,0.793618,3710.288846,9126.711454,20995.61,8843.18,10574.19,1254.96,0,323.28,27763.006867,26593.79,1169.216867,0.2,5.85,9.03,0.306576022118946,1.78237532436836,0.892193258671569,2016-04-01,16652.97521,16327.18118,10072.9206,4863.5569968308,4802.6014814162,16297.21169,6131.10682084121,3297.767455428,6955.51793312943,10072.9206,9181.00397,0,891.91663,1527.05007,214.01094622289,353894.97757,-36116.0349814188,40.95,41.48
"113",2158.551535,3780.776657,83.798087,0.917902,3696.060668,9251.399982,20779.32,8544.29,10675.88,1254.43,0,304.72,27647.199837,26393.15,1254.049837,0.2,5.47,8.89,0.03179955602795,1.63481996175381,0.92470394360103,2016-05-01,17225.67777,16745.20684,13050.02954,4419.5790810256,4353.4528496464,16260.8621,6047.84103912094,3037.7024957225,6963.22666336433,13050.02954,11601.1135,0,1448.91604,1297.66188,203.28362737282,477159.81025,-46492.2198504622,46.84,46.83
"114",3433.759376,4485.965298,83.429237,1.060064,4401.475997,10083.721869,21115,8661.66,10822.78,1295.53,6,329.03,27776.930702,26576.01,1200.920702,0.2,6,8.66,0.36,1.59,1.29,2016-06-01,16501.85253,16354.47173,12889.96763,4361.2641214944,4302.4504544898,15679.6395,5777.89920392905,3691.3432057635,6906.72598832009,12889.96763,10927.00605,0,1962.96158,1174.90728,-192.38378170166,476507.78141,-65623.3496840049,48.74,48.28
"115",4295.855473,4794.957123,84.074711,1.543664,4709.338748,10185.790995,21371.14,8781.64,11015.53,1297.11,0,276.86,28221.889713,26864.53,1357.359713,0.2,6.01,8.67,-0.08520237869182,1.57973754639939,1.20058069936404,2016-07-01,16927.89904,16639.83066,14077.62158,4485.03173,4442.503362,16825.72491,6085.41191258973,3920.132830436,7068.71612567962,14077.62158,12709.24382,0,1368.37776,963.0691,201.2245731617,479047.0545,-61180.370866968,44.9,45
"116",4166.7200482,4858.391458,84.970832,1.587384,4771.833242,10526.187345,22072.88,9046.46,11451.72,1297.29,4,273.41,28756.183918,27407.56,1348.623918,0.2,5.91,8.21,-0.16301708779663,1.41547265364551,1.03560645987466,2016-08-01,17014.777301,16553.3203,11443.67921,4632.9381720477,4565.7855922123,16929.53718,6095.65747285834,4569.6958476775,7330.29593405343,11443.67921,9631.717,0,1811.96221,1297.44367,237.94781717295,400018.487956382,-64521.9955765982,44.75,45.85
"117",4472.928412,4966.784801,85.222753,2.898244,4878.663804,10575.049465,22462.91,9138.15,11698.93,1307.52,10,308.31,28782.33159,27461.36,1320.97159,0.2,5.78,8.78,0.15,1.3,1.19,2016-09-01,16795.86358,16465.17264,11527.46626,4535.1721286086,4460.7748476321,16620.52296,6063.26890461956,3902.0676800435,7242.08821306291,11527.46626,9783.88912,0,1743.57714,1112.77369,186.87996671665,422252.313142106,-59740.0720195197,45.16,46.69
"118",4274.625713,5241.670995,86.07706,3.047543,5152.546392,10711.372359,22812.65,9232.28,11964.09,1323.19,10,283.09,29349.244534,27775.41,1573.834534,0.2,5.75,8.71,-0.08,1.31,1.11,2016-10-01,17125.60854,16717.78208,13006.35671,4279.8011468058,4213.8174044443,16681.17189,6193.63175560432,3701.364615,7382.81952411302,13006.35671,11829.22401,0,1177.1327,350.43728,105.448610148598,498712.3129035,-68480.0547443877,49.89,49.74
"119",3907.337217,5158.619741,86.027586,3.774137,5068.818018,11086.136408,22861.36,9300.1,11902.34,1304.28,10,344.64,29619.674929,27998.01,1621.664929,0.2,5.51,8.38,-0.15,1.05,0.96,2016-11-01,16315.24964,15987.92968,11634.24685,4510.2842912485,4440.3547038331,15798.48254,6075.50889856868,4290.22174605,7469.043415791,11634.24685,9654.96427,0,1979.28258,1047.84375,179.26429506192,417629.369405875,-62138.4057484641,45.67,45.13
"120",4258.849946,6136.375451,88.194713,4.126715,6044.054023,11404.536994,23553.47,10031.76,11794.53,1344.47,0,382.71,29910.06667,28482.68,1427.38667,0.2,5.12,8.1,0.16,1.12,1.12,2016-12-01,16862.69673,16424.14516,11880.04281,4441.0200661886,4365.1909958518,16072.45096,6144.49985540706,4571.64116945,8092.77351530088,11880.04281,10418.8931,0,1461.14971,699.02949,176.647857691938,494528.898056179,-92248.1342809366,52.02,53.57
"121",4889.053605,5430.419804,89.16398,4.971321,5336.284503,11823.731448,23345.29,9795.19,11814.25,1327.69,12,396.16,30063.926259,28419.63,1644.296259,0.2,5,8.02,0.09,0.9,0.09,2017-01-01,16623.70914,16335.72053,11771.58405,4660.918178415,4586.2901391545,16078.63273,6177.30442376878,4495.01894,7071.05885745999,11771.58405,10397.27442,0,1374.30963,900.51374,159.17141288836,505984.6448239,-103268.553139249,52.5,54.58
"122",4774.364116,5514.321701,89.385707,6.143148,5418.792846,11816.463284,23786.56,10011.4,12038.03,1292.97,18,426.16,30300.466385,28668.02,1632.446385,0.2,5.07,8.25,0.2,0.96,0.29,2017-02-01,14984.273395,14742.24188,11776.79343,3964.5743793635,3900.7668587455,14580.18135,5706.9431424062,3493.82789,6237.59180967129,11776.79343,10022.15267,0,1754.64076,931.3136,217.31327117205,487066.668,-78505.6705794901,53.4,55.06
"123",3809.618426,5722.212493,87.755964,7.468235,5626.988294,12461.767457,24042.99,10143.37,12185.72,1309.5,15,389.4,30486.017594,29058.6,1427.417594,0.2,4.89,8.14,0.14,0.96,0.42,2017-03-01,16452.784061,16122.32784,11431.30534,4440.9276729997,4372.9688512727,16035.24644,6229.41476852188,3838.5491,7016.79420339586,11431.30534,10089.88487,0,1341.42047,969.00077,215.3918266542,471202.5660218,-82318.0237029741,49.58,51.6
"124",3236.121601,5350.088841,87.377241,8.632575,5254.079025,12170.649902,24468.49,10532.01,12238.61,1338.62,6,353.25,31210.662958,29692.25,1518.412958,0.2,4.81,8.13,0.43,1.09,0.86,2017-04-01,15843.669612,15545.57735,11590.85809,3070.14098,3006.00775411,14995.92028,5122.48130095949,3323.54426,6557.63383911354,11590.85809,10287.6038,0,1303.25429,1207.00572,241.71689343865,510149.9533088,-75513.3716988859,51.06,52.59
"125",2790.041144,4578.610298,88.017851,9.819016,4480.773431,12233.08476,24425.66,10427.97,12269.87,1351.69,12,364.13,31643.08204,30146.31,1496.77204,0.2,4.82,7.37,0.05,1.1,0.91,2017-05-01,16527.703873,16210.57003,11670.39119,5023.8808091297,4961.8196685844,15908.18073,6588.67557043205,4653.10935,7278.66929675484,11670.39119,10045.85247,0,1624.53872,1143.71976,221.80379908712,463996.9902382,-89953.0850138255,48.56,50.45
"126",4467.14641,5018.252343,86.42027,10.029009,4921.803064,12364.169883,24761.78,10543.85,12480.4,1333.33,0,404.2,31718.796019,30389.22,1329.576019,0.2,4.8,7.72,-0.58,0.16,0.32,2017-06-01,16197.208451,15889.16583,11409.55151,5010.9627836798,4944.1778787647,16223.88855,6471.95659318453,3938.46521,7091.76788004995,11409.55151,9494.84459,0,1914.70692,1444.9068,263.9558845784,441220.81959234,-75003.6681497323,45.17,46.42
"127",4260.912299,4792.800824,86.277049,10.324241,4696.199534,12455.092231,24687.62,10407.06,12571.22,1351.25,10,348.09,32225.522719,30761.62,1463.902719,0.2,4.84,8.15,-0.14,0.1,0.18,2017-07-01,16775.421157,16465.4081,11489.27395,5469.5268605337,5381.9928512307,16585.97007,6639.7224529502,4091.29959,7331.38349417286,11489.27395,10112.29585,0,1376.9781,1463.059,253.799455833,475688.06997818,-71162.7785774215,46.67,48.51
"128",3650.480826,4512.001841,85.826087,10.786659,4415.389095,12581.093989,24782.18,10486.15,12596.87,1364.15,0,335.01,32631.503475,31167.13,1464.373475,0.2,4.96,7.58,0.01,0.28,0.2,2017-08-01,16615.270476,16238.94178,10844.8542,5375.1614643779,5291.7711373192,16255.78112,7167.34784199208,4224.27177,7414.4031124319,10844.8542,9026.03581,0,1818.81839,1459.05039,226.32186400344,453650.1239353,-82041.7207101789,48.03,51.66
"129",2362.376838,4346.34204,85.803219,8.552673,4251.986148,11609.284269,24879.21,10445.59,12752.21,1384.05,12,285.36,33065.594389,31724.85,1340.744389,0.2,4.97,8.19,-0.15,-0.03,0.04,2017-09-01,15867.669527,15616.68203,11683.58037,5057.7984315574,4998.6576395119,15870.84424,6763.21109343131,4559.58581,7361.49244431033,11683.58037,10122.83695,0,1560.74342,1716.91305,287.15998083762,538882.49397664,-130174.751501831,49.71,56.07
"130",4806.589172,4602.896212,85.582612,8.858624,4508.454976,12351.72694,25016.58,10376.91,12916.53,1435,12,276.14,33540.840154,32235.83,1305.010154,0.2,4.8,7.86,-0.14,-0.09,-0.1,2017-10-01,16295.277074,16050.69805,10915.82237,5283.8689419712,5229.7676758243,16587.46624,7059.90958764409,4365.76286,7707.69949721586,10915.82237,9347.3852,0,1568.43717,1310.76935,265.87104371101,523069.87030718,-106034.918173962,51.57,57.28
"131",4018.466982,4750.831031,84.890476,10.205476,4655.735079,12776.333864,25178.51,10468.52,12895.59,1483.35,12,319.05,34231.291521,32868.28,1363.011521,0.2,4.91,7.79,-0.27,-0.22,-0.38,2017-11-01,15631.167423,15299.3877,10699.46787,5004.0232650992,4956.3944242106,15704.58636,6732.20573235527,3857.83627,7516.09475914662,10699.46787,8951.90961,0,1747.55826,1671.05535,282.49941673734,578112.19241345,-111751.924616294,56.67,62.63
"132",2451.065793,5338.653452,85.315281,8.875507,5244.462664,12387.097588,26260.27,11256.11,13133.45,1491.25,0,379.46,34805.249843,33501.73,1303.519843,0.2,4.95,7.83,0.18,-0.2,-0.2,2017-12-01,16112.935878,15750.36764,10210.77998,5368.5946002904,5324.029038248,16151.16425,7059.97832377801,4153.27552,7974.91588281576,10210.77998,8434.54122,0,1776.23876,1222.81066,197.14721387563,546703.956963771,-116856.219979138,57.94,64.14
"133",5706.587361,4391.106705,84.783805,11.315105,4295.007795,12904.632907,25962.45,10891.79,13333.61,1462.12,0,274.93,35117.903389,33802.55,1315.353389,0.2,4.98,7.72,0.19,-0.09,0.19,2018-01-01,15901.123171,15656.63444,11752.9522,5421.7283112343,5365.7444390873,15592.45527,6941.61472961958,4363.24537,7512.11579392567,11752.9522,10190.88276,0,1562.06944,1294.16687,189.54790138176,686973.335676923,-135437.970371921,63.7,69.13
"134",5406.784874,4642.98037,84.628823,11.169677,4547.18187,13287.598677,26273.08,10918.79,13633.25,1460.99,0,260.05,35247.321112,33926.42,1320.901112,0.2,5.06,7.41,0.15,-0.14,0.34,2018-02-01,14355.301034,14119.7382,8212.36489,4743.7218592125,4674.4812208842,14610.14074,6457.34161199836,3463.4938,6783.39173976257,8212.36489,6612.17783,0,1600.18706,1701.01133,264.07639137432,471772.249112946,-114952.101967483,62.15,65.16
"135",4868.082078,5233.423009,84.66972,7.718132,5141.035157,13639.783865,26725.71,11092.92,13941.73,1466.7,0,224.36,35560.772331,34296.75,1264.022331,0.2,4.96,7.26,0.06,-0.21,0.41,2018-03-01,15848.869433,15551.86361,11142.50475,5053.6865405211,4986.772065773,15562.5435,6676.15409362867,3382.11963,7750.08612235962,11142.50475,9760.47128,0,1382.03347,1307.95255,201.68537001692,626434.06470124,-102543.610092153,62.76,65.89
"136",4260.353496,4902.180504,84.034213,0,4818.146291,12909.294411,27121.31,11521.37,13867.12,1480.32,0,252.5,36156.63144,34917.92,1238.71144,0.2,4.99,7.63,-0.14,-0.78,0.27,2018-04-01,15497.95944,15188.87233,9616.91795,4819.1791732964,4753.5840320909,15219.30141,6328.33610198765,4694.26928,7475.85718621167,9616.91795,7645.90982,0,1971.00813,1359.93806,204.49632978111,543737.980991247,-158685.962879701,66.32,71.58
"137",3752.034904,4675.106919,83.896074,0,4591.210845,12845.414066,27016.83,11307,13977.36,1482.18,0,250.29,36758.296859,35460.64,1297.656859,0.2,4.99,6.67,-0.18,-1.01,0.09,2018-05-01,15984.738983,15705.80494,11626.39923,5116.1591613369,5054.7635703086,15745.24019,6871.51126161614,5356.82988,7873.59066518776,11626.39923,10228.93876,0,1397.46047,1121.84581,209.99800668318,722244.358776408,-228190.714628439,69.89,76.85
"138",3166.738373,4767.266845,84.117753,0,4683.149092,12339.856732,27202.36,11347.81,14117.56,1501.47,0,235.52,37189.678137,35963.92,1225.758137,0.2,5.11,7.33,-0.27,-0.71,-0.19,2018-06-01,15512.892849,15195.06696,10835.02695,4950.7543060487,4888.4968114206,15416.16523,6715.39466285532,4362.15971,7622.8903304969,10835.02695,9212.41109,0,1622.61586,1333.17946,220.65198116062,657038.56652789,-167377.670405966,67.7,74.17
"139",3128.46647,4671.602757,84.147179,0,4587.455578,12632.163372,27316.23,11193.98,14369.48,1497.98,0,254.79,37716.865456,36389.59,1327.275456,0.2,5.14,7.48,-0.004,-0.57,-0.19,2018-07-01,16223.568167,15869.35388,11065.47346,5127.6833645292,5060.8315150406,16257.95258,7056.28721519451,4357.07071,7790.39995289186,11065.47346,9564.64005,0,1500.83341,1537.40605,277.9417251064,743571.957390773,-162247.081271412,71.03,74.33
"140",3050.197573,4576.612216,84.150498,0,4492.461718,12409.344357,27365.49,11217.52,14405.21,1515.77,0,226.99,38096.491167,36889.74,1206.751167,0.2,5.25,7.63,0.27,-0.32,0.08,2018-08-01,16439.556822,16135.20694,11838.343685472,4957.3519008005,4879.7371119163,16153.3701,6774.03300308701,3847.25364,8158.015630616,11838.343685472,9826.65943,0,2011.65218,1339.98072,261.27328248741,688735.426496649,-145805.933796147,67.99,72.64
"141",2693.006168,4463.183203,83.750418,0,4379.432785,12144.239271,27628.18,11088.52,14635.32,1509.94,0,394.4,38601.858037,37355.57,1246.288037,0.2,5.08,8.01,0.39,0.23,0.47,2018-09-01,15555.344928,15277.94457,11143.43808,5054.3627621512,4846.3800078398,15388.49386,6828.78931791603,4641.6615,7626.24296650419,11143.43808,9550.14104,0,1593.29704,1159.40162,206.57031817617,713355.2911827,-176877.797147675,70.2,78.8
"142",2730.3636,4368.307964,83.039849,0,4285.268115,12060.561771,27564.62,10983.02,14859.38,1503.15,0.8,218.27,38926.568667,37598.42,1328.148667,0.2,5.27,8.34,-0.05,0.33,0.42,2018-10-01,15918.21788,15580.81855,11019.03978,4317.1913631884,4106.4928242519,15862.27903,6417.47552105865,5574.82228,8488.76496274771,11019.03978,9320.0342,0,1699.00558,1255.49303,249.12770559999,723202.260287733,-246215.524059479,70.75,81.12
"143",2382.239099,4322.167668,83.534905,0,4238.632763,12114.443667,27625.08,10867.77,14971.47,1516.81,0,269.03,39821.836444,38561.09,1260.746444,0.2,5.32,8.47,-0.25,0.35,0.17,2018-11-01,15451.849741,15177.89034,10542.20112,4793.7569560104,4721.4768139365,15283.71009,6415.62432508795,4429.70504,8175.59445237119,10542.20112,8841.40261,0,1700.79851,698.78314,155.24746419235,530647.399784795,-165572.49417482,56.75,64.66
"144",2676.524971,4943.053594,83.556527,0,4859.497067,12065.213906,28404.8,11572.69,14972.07,1603.13,0,256.91,39997.578074,38842.63,1154.948074,0.2,5.43,8.69,0.1,0.27,0.27,2018-12-01,16103.067235,15757.04422,10897.73495,4861.2820947639,4789.6274016806,15643.57472,6987.63660253138,4642.255891,7922.94088740224,10897.73495,9314.03678,0,1583.69817,1286.28217,242.87532382664,501748.036727006,-115613.421213107,49.52,56.96
"145",3635.852156,4462.86187,82.699122,0,4380.162748,12020.265242,28229.69,11118.64,15286.44,1569.64,0,254.97,39994.459662,38809.79,1184.669662,0.2,5.62,7.99,0.47,0.54,0.47,2019-01-01,16240.368774,15940.54849,10747.79003,5093.1387389931,5018.7737053851,16119.50376,6848.30164072891,4626.64401,7801.34338046919,10747.79003,8775.22248,0,1972.56755,1085.78239,221.57906822079,488022.884368292,-69838.2727259328,51.63,59.37
"146",3281.81843,4898.395779,82.006207,0,4816.389572,12287.190736,28515.36,11156.3,15517.81,1600.15,1.5,239.6,40243.195865,39061.98,1181.215865,0.2,5.7,8.82,-0.23,0.16,0.24,2019-02-01,14934.075672,14638.51492,10074.18819,4571.750741567,4499.600338714,14496.96065,6419.86422472276,4389.9379,6977.90903111329,10074.18819,8494.68394,0,1579.50425,1219.19074,241.33488587251,534185.195866533,-80015.4190115028,54.98,64
"147",3972.841682,3605.867521,80.450566,0,3525.416955,12086.586714,28751.17,11136.26,15738.74,1616.01,0,260.16,40714.395148,39511.86,1202.535148,0.2,5.67,8.75,-0.21,-0.12,0.02,2019-03-01,16434.544004,16130.03365,12278.3152,3475.2711716399,3393.8515144709,16513.86341,5907.96342917901,4665.63909,7516.74018593886,12278.3152,10683.14993,0,1595.16527,1206.93683,236.48826261301,699311.648952738,-110850.11099331,58.16,66.08
"148",3488.324056,4496.839519,81.187766,0,4415.651753,11817.408053,29128.43,11451.6,15823.31,1617.09,0,236.43,41097.794973,39783.8,1313.994973,0.2,5.84,8.62,0.17,0.19,0.19,2019-04-01,15868.573385,15583.78564,12462.97101,3232.445865128,3153.7679614228,15538.27733,5707.52266150715,5860.04057,7500.05024749724,12462.97101,11129.50861,0,1333.4624,963.46229,190.79410939615,784237.827694161,-152156.937375104,63.87,71.15
"149",4083.614971,4738.048735,80.683117,0,4657.365618,11851.970221,29313.86,11340.32,16142.86,1636.35,0,194.33,41491.261309,40227.9,1263.361309,0.2,5.61,8.62,-0.004,0.37,0.19,2019-05-01,16487.759054,16196.05781,11939.46449,5061.0018440124,4983.2008947638,16168.33247,6376.5244543618,4975.11875,7782.24415892019,11939.46449,10134.20727,0,1805.25722,1255.27545,216.32417482114,692714.14042798,-125453.196781013,60.73,70.85
"150",4095.262396,4551.255368,80.756316,0,4470.499052,11964.158497,29550.75,11282.65,16448.59,1625.41,1.5,192.6,41906.426365,40714.77,1191.656365,0.2,5.89,8.02,-0.04,0.61,0.15,2019-06-01,15926.697948,15610.05061,10313.23198,4701.6099551397,4633.6558310055,15973.22686,6418.1604452069,4752.10094,7468.75756490643,10313.23198,8934.09888,0,1379.1331,1506.92645,267.62557865213,575558.776271802,-110155.22489725,54.68,64.03
"151",3772.458499,4628.451362,79.17447,0,4549.276892,12320.074937,29758.73,11291.62,16583.44,1691.06,0,192.61,42216.572837,41020.6,1195.972837,0.2,5.93,8.26,0.09,0.71,0.25,2019-07-01,16781.882642,16474.73242,12070.79254,5149.4785408612,5071.0884049844,16747.14269,6718.48465339594,5000.99203,8049.15328750505,12070.79254,10321.94373,0,1748.84881,1949.24163,312.20469004985,705867.665477807,-109505.521108912,57.51,63.91
"152",3808.386545,4925.889342,79.654212,0,4846.23513,12082.6244,30338.05,11443.25,17028.86,1677.75,1,187.19,42959.404192,41757.76,1201.644192,0.2,5.92,8.74,-0.1,0.33,0.14,2019-08-01,17057.350693,16727.81991,12827.81959,4851.7247347551,4766.3881317951,17022.4152,6729.21807951109,5277.79885,8022.05858062033,12827.81959,11516.19332,0,1311.62627,1424.49244,277.04360358718,683419.242616113,-107099.428110516,54.84,58.83
"153",5130.373703,3972.297598,79.739293,0,3892.558305,12109.575965,30171.34,11042.74,17250.43,1672.72,0,205.45,43538.971965,42336.18,1202.791965,0.2,5.98,8.65,-0.01,-0.07,0.13,2019-09-01,16407.221756,16159.96831,11385.51816,4713.0244854393,4629.6977634703,16656.46403,6696.91752254338,4772.68046,7666.35032617329,11385.51816,9532.89405,0,1852.62411,1173.83557,224.73814360816,572252.585448391,-100058.105800376,56.86,62.57
"154",4097.849466,4307.841406,80.421372,0,4227.420034,11945.934287,30562.48,11230.88,17416.93,1706.14,0,208.53,43812.723113,42588.65,1224.073113,0.2,6.03,8.79,0.52,0.5,0.65,2019-10-01,14486.200566,14209.32128,12118.64461,3948.6713196705,3879.2990041415,14706.44037,5791.88074274205,5058.44973,7361.24804580276,12118.64461,10747.31793,0,1371.32668,1552.09683,253.02086925891,602726.457211676,-86592.6812392189,53.98,59.73
"155",3178.708522,4345.927952,78.685245,0,4267.242707,12036.935346,30783.9,11217.85,17649.03,1717.6,0,199.42,44245.384389,43004.74,1240.644389,0.2,6.05,8.68,-0.7,0.04,-0.06,2019-11-01,16390.600169,16072.37437,11020.94768,4390.1349678104,4300.6585517935,16352.36163,6247.57763315541,4862.97317,7336.94771425471,11020.94768,9245.70296,0,1775.24472,1363.57585,209.37241042648,532540.068456704,-104320.624822617,57.25,63.11
"156",3397.108599,4457.954044,80.509587,0,4377.444457,12293.43308,31770.98,11878.11,17948.17,1748.02,0,196.68,44536.930548,43354.9,1182.030548,0.2,6.17,8.78,-0.00818656731807,-0.06533318075228,-0.06533318075228,2019-12-01,16800.808516,16458.60712,12576.47285,3824.3330571229,3739.1491513149,16597.48756,5762.95930789531,3975.009036,7516.86701493362,12576.47285,11417.24444,0,1159.22841,1148.32959,182.15945778282,663133.057825472,-76719.2881527719,59.81,66.9
"157",3568.029751,4614.637422,80.708488,0,4533.928934,12010.229957,31878.85,11578.45,18396.76,1725.52,0,178.12,44577.189382,43314.37,1262.819382,0.2,6.22,8.68,0.22701270835081,-0.30251692220514,0.22701270835081,2020-01-01,16574.61474,16291.54279,11762.51613,4737.998815485,4657.0042074429,16701.81672,6564.21516637929,4814.44187,7340.80206555186,11762.51613,10413.87645,0,1348.63968,1899.8781,280.82087258403,610704.73531922,-100601.263739921,57.56,63.38
"158",3280.399361,5037.236277,79.478054,0,4957.758223,12388.150916,32050.9,11585.99,18687.33,1582.21,0,195.37,44873.97691,43593.53,1280.44691,0.2,6.25,8.81,-0.154420697631,-0.227645548515,0.072241468922,2020-02-01,15560.59225,15207.00249,9538.65262,3910.5682727231,3832.0275099567,14950.55862,6019.7512399209,4744.90022,7035.34487877229,9538.65262,8223.30202,0,1315.3506,1124.45694,192.30971403179,414409.46347892,-81257.132679948,50.6,55.45
"159",1990.168459,4682.097468,79.441698,0,4602.65577,11557.880651,31577.62,11509.08,18238.78,1589.75,0,240.01,44744.86674,43498.52,1246.34674,0.2,6.24,8.77,0.19744107959173,0.18118519091272,0.26982516643283,2020-03-01,16760.16616,16448.77396,13617.2972,4727.3057135472,4642.2758832106,16737.82561,5815.2033068684,4396.34995,5511.79515963276,13617.2972,11904.10977,0,1713.18743,1868.53501,320.93556585307,312936.339081,-37401.9747555749,29.89,31.71
"160",2860.474236,5457.424725,79.834782,0,5377.589943,11173.589147,31748.57,11983.54,17964.03,1552,0,249,44364.73943,43027.75,1336.98943,0.2,7.24,8.4,1.00262527238719,1.01232492053039,1.27515577412994,2020-04-01,6297.11247,5478.51966,5260.81642,908.45006,880.00248,3758.62979,1744.59372125232,4077.18423,3234.0004107,5260.81642,4901.10824,0,359.70818,561.70819,96.8454912201361,78069.3428798,16662.9833646656,16.52,18.83
"161",3402.032291,5714.167845,79.851142,0,5634.316703,11177.059974,31811.48,11893.41,18157.76,1544.07,0,216.24,44372.965034,43049.49,1323.475034,0.2,5.97,8.98,-0.25998409407574,0.75394827482329,1.01185647786678,2020-05-01,10390.18382,10853.66612,9078.26563,828.128524328,766.948236676,12836.90253,1852.00409547246,2388.94109,4274.67548338057,9078.26563,7618.54763,0,1459.718,0,28.9732001873288,193275.01741,-2447.41485792481,28.57,28.81
"162",2665.608541,5611.649593,80.086129,0,5531.563464,11405.874773,31992.94,11812.39,18453.57,1526.18,0,200.8,44356.387982,43036.62,1319.767982,0.2,5.98,9.1,-0.6198146946126,0.16530153379366,0.38577014811597,2020-06-01,15435.30236,15078.00113,12502.08281,3539.1197651495,3470.8735321114,14042.38069,5080.7197440062,2660.87746,5580.90449479424,12502.08281,10263.7967,0,2238.28611,938.65792,173.09406187718,381428.4197162,-15585.7860183499,38.3,40.08
"163",3039.952346,5847.898753,80.430102,0,5767.468651,11361.448197,32357.36,11817.52,18823.58,1516.55,0,199.71,44299.564902,42912.52,1387.044902,0.2,6.24,9.12,-0.61264944705829,-0.53920244509102,-0.22924271762167,2020-07-01,16163.68809,15923.15113,11135.85737,4015.1306151,3926.2214561,15644.09779,5218.08641748782,4961.28698,6193.01110137157,11135.85737,9486.06813,0,1649.78924,1321.34389,241.3455742393,388061.09060035,-51951.0753287122,40.75,43.27
"164",3257.813392,6045.252229,79.928889,0,5965.32334,11547.028051,32812.19,11944.07,19118.55,1517.96,0,231.61,44321.242128,42925.5,1395.742128,0.2,6.37,9.03,-0.32384975764813,-0.75795214026351,-0.55235007328436,2020-08-01,15979.48021,15619.90452,11540.41741,4318.219656122,4325.107227772,16217.1968,5738.27790713198,4288.35001,6355.05369238457,11540.41741,10608.91077,0,931.50664,1870.72497,371.52761111435,473518.14265256,-23452.556364864,42.36,44.79
"165",3442.982341,6176.12754,79.820223,0,6096.307317,11546.076266,33209.77,11944.62,19561.08,1485.72,0,218.35,44333.096728,43087.14,1245.956728,0.2,6.36,9.02,-0.15655589551521,-0.90146789762798,-0.70804123219596,2020-09-01,15347.53689,15014.54119,12669.99903,4226.017899082,4145.312959082,15299.35896,5406.09980217798,3903.82381,6669.62537447814,12669.99903,10954.99862,0,1715.00041,1492.37764,334.68053543809,439915.81546154,-17583.0120152874,39.61,40.58
"166",5517.619391,7564.752856,80.415096,0,7484.33776,12225.855541,34143.56,12364.23,20031.54,1544.27,0,203.52,44784.413084,43475.27,1309.143084,0.2,6.31,8.96,-0.18927848222104,-1.60142749485378,-0.89597954471921,2020-10-01,15756.82675,15433.05883,11075.38992,4130.766609824,4062.5497738711,15623.67906,5550.79567434847,4409.21064,7286.49670578057,11075.38992,10350.58741,0,724.80251,1322.40944,401.37020832876,413925.792028572,-18455.7218032247,39.53,40.01
"167",5066.615071,7299.520147,79.486806,0,7220.033341,12420.376232,33828.11,12116.96,19929.14,1557.71,0,224.3,45187.009179,43894.34,1292.669179,0.2,6.07,8.83,-0.00873440479735,-0.91274819974446,-0.90463569103622,2020-11-01,15319.55617,14988.56809,11172.43312,4496.6557244376,4435.1842921578,14675.06594,5645.17154329379,4552.6136,7155.19120041257,11172.43312,10017.04949,0,1155.38363,1491.34174,361.26220048273,422683.60635125,-25594.8130287249,41.52,42.54
"168",7195.654421,8700.351761,79.951291,0,8620.40047,12975.905788,35411.82,13399.31,20193.73,1602.27,0,216.51,45648.627337,44326.01,1322.617337,0.2,5.89,8.5,-0.02861233520644,-0.93298918884635,-0.93298918884635,2020-12-01,15864.66164,15511.56137,12168.08337,3693.3843502574,3615.048776952,15798.52892,5724.04823435201,4768.6207,7685.13626270657,12168.08337,10891.34332,0,1276.74005,950.15586,486.2414023487,507560.26380343,-31560.9314464697,47.05,49.74
"169",6590.86154,7988.591631,79.315653,0,7909.275978,12634.386799,35315.64,12966.96,20559.26,1574.2,0,215.22,45735.515748,44406.84,1328.675748,0.2,5.82,8.58,0.11615504072961,-1.04256381808014,0.11615504072961,2021-01-01,15766.13433,15464.71988,10942.18132,4458.4878965314,4378.0889144557,15524.07763,5880.50358194241,5065.51893,6861.58731783819,10942.18132,9225.61908,0,1716.56224,1161.12649,426.12506669895,504121.76448802,-65492.7321445945,52.11,54.73
"170",5790.926871,7438.208727,78.178554,0,7360.030173,12721.217435,35381.8,12946.56,20660.61,1556.47,0,218.16,45982.274281,44647.34,1334.934281,0.2,5.7,8.38,0.08434369158303,-0.80592327448249,0.20059670176196,2021-02-01,14053.99206,13758.09606,10225.81053,3707.3218844264,3649.206944723,13484.86161,5568.94451948153,3701.7494,6579.12668658486,10225.81053,9066.98194,0,1158.82859,1133.41492,512.99026889461,563047.111988257,-75722.9465532821,59.08,62.23
"171",5779.174068,7297.721736,77.894854,0,7219.826882,13440.966745,35495.69,13065.59,20631.72,1583.75,0,214.63,46498.766263,45091.68,1407.086263,0.2,5.53,8.12,0.17539634087867,-0.82774726000284,0.37634488191544,2021-03-01,15576.90487,15247.76595,11486.83055,3584.3276426859,3539.3418596577,15258.68335,5768.81584620871,5029.55689,7338.31719350424,11486.83055,10146.9328,0,1339.89775,740.19714,648.86316374427,636007.830891879,-112671.21649394,62.35,65.56
"172",5788.493863,7123.280277,77.711896,0,7045.568381,12876.530252,36090.23,13471.5,20766.89,1581.83,0,270.01,46712.839946,45292.58,1420.259946,0.2,5.55,8.28,0.34919190936316,-1.46933908449061,0.72685095715755,2021-04-01,14977.51948,14633.6519,10278.29041,4303.9610283783,4248.6475732512,14513.22437,5624.01008957735,4580.76801,6968.32381226667,10278.29041,8985.6519,0,1292.63851,1121.96836,783.05849125601,575347.217004489,-81102.9484945992,61.71,64.46
"173",5923.26996,7549.642604,77.164545,0,7472.478059,13033.792233,36218.116944,13272.475577,21138.037003,1581.111385,0,226.492979,46978.446211,45525.073829,1453.372382,0.2,5.54,9.33,0.0833407294384,-1.13017709958121,0.81079744948558,2021-05-01,15449.35535,15157.70033,11079.05409,4482.6899373824,5082.6456872907,15282.6794,6721.53515613791,4048.13183,7059.99615376014,11079.05409,9711.53607,0,1367.51802,1716.96707,784.05777157769,695404.312610192,-75359.7703722556,65.23,68.51
"174",6048.807536,7549.805244,77.858101,0,7471.947143,13115.309276,36797.812577,13385.123939,21559.553188,1606.583392,0,246.552058,47764.464279,46298.901176,1465.563103,0.2,5.51,8.06,-0.17561371287036,-0.6882572917031,0.63375986511032,2021-06-01,14814.70941,14467.9446,10562.86364,4602.2582180105,4536.0507,13941.82173,6380.13035318092,4284.30896,7841.30796187872,10562.86364,9083.62735,0,1479.23629,1285.90176,776.75594722178,689586.758141612,-93198.3305238105,71.38,72.96
"175",5405.293999,6804.894326,78.805275,0,6726.089051,13355.542009,37252.036919,13542.324147,21894.439853,1599.350133,0,215.922786,48305.932306,46848.294774,1457.637532,0.2,5.66,8.12,0.52620856086342,0.44973434239079,1.16330332463927,2021-07-01,15278.93407,14944.80102,9426.3268,5043.8450900588,4990.3002931744,14848.27414,6900.26708087199,5286.20044,8343.8517048441,9426.3268,7681.21793,0,1745.10887,1504.87687,1310.08069917592,603858.47287136,-104971.094579154,72.58,74.99
"176",5872.352146,6534.158605,79.163839,0,6454.994766,13537.763389,37645.18386,13697.124175,22122.64989,1605.469512,0,219.940283,49088.647878,47618.498796,1470.149082,0.2,5.52,7.87,0.11548992758773,0.89248373189581,1.28013675039425,2021-08-01,15030.467607,14650.16837,10125.76247,4995.8029560983,4945.3822889519,14510.68969,6673.01930310273,5441.7763,7687.65319608524,10125.76247,9144.16573,0,981.59674,1494.84126,891.46383185718,649509.495579098,-111443.504925478,67.73,70.8
"177",6294.527158,6946.824589,79.881505,0,6866.943084,13994.697171,38183.488576,13843.232833,22502.189845,1591.851391,0,246.214507,49815.293749,48349.528609,1465.76514,0.2,5.51,7.57,0.01568527270479,1.06653461143492,1.29602281603933,2021-09-01,14550.75865,14223.02203,9401.49197,4639.0242442046,4582.5459939838,14606.28283,6438.61798172656,3992.92311,7971.14497715586,9401.49197,8014.1512,0,1387.34077,1309.71646,813.32588662162,603649.639708387,-93342.5418282296,71.46,74.4
"178",7549.613937,7970.028932,81.099347,0,7888.929585,13996.594461,38531.332143,13903.800421,22786.546417,1596.712148,0,244.273157,50416.377769,48949.807522,1466.570247,0.2,5.47,7.49,0.20820299473587,1.46901717881236,1.50692416909065,2021-10-01,14918.16636,14606.73845,10703.25249,5282.3423653533,5238.4035715356,14277.12617,7032.37489968732,4532.96749,8280.07679158657,10703.25249,9340.2066,0,1363.04589,1710.32832,811.27198205265,824366.910456228,-143171.218968403,81.36,83.54
"179",7564.965603,7841.369332,82.487489,0,7758.881843,14463.684105,38491.407984,13734.814789,22914.212156,1600.260916,0,242.120123,51203.027853,49721.109048,1481.918805,0.2,5.48,7.64,0.3595344447324,1.84272860247443,1.87187652526693,2021-11-01,14547.85949,14258.91989,10062.4528,5150.1620640197,5101.8017751322,13896.11974,6969.97084763494,5440.07397,7855.47729314086,10062.4528,8179.0777,0,1883.3751,1536.13956,593.723894214,656765.830197961,-118951.342480665,79.11,81.37
"180",7897.870308,8178.764541,84.381891,0,8094.38265,14671.576141,39820.426369,14764.878853,23218.249472,1616.447695,0,220.850349,51859.997326,50372.336444,1487.660882,0.2,5.91,7.44,0.06753772233274,1.94067847036972,1.94067847036972,2021-12-01,7636.82495,8161.69058,3152.25884,3209.2824305584,3177.4139917179,4841.76709,5583.31834384232,5499.792578,7944.16283320371,3152.25884,2702.56903,0,449.68981,1531.45873,666.35277006769,256176.497441602,-111725.205386612,71.87,74.1
"181",7987.211158,7488.139104,83.884524,0,7404.25458,14790.531255,39649.323368,14323.42195,23487.457563,1581.129529,0,257.314326,51919.143642,50446.727798,1472.415844,0.2,5.57,7.39,0.72132776209696,2.55687989942829,0.72132776209696,2022-01-01,14135.68067,14672.47155,8643.8211,4349.1462351548,4307.030557123,15061.94579,6305.68865075801,5100.36887,7225.26139626214,8643.8211,7891.06372,0,752.75738,1156.23218,295.18171160973,698589.927812727,-130972.551700974,83.16,86.61
"182",8047.329259,7717.511041,83.852512,0,7633.658529,14842.479143,40491.778236,14558.946532,24049.588374,1639.835206,0,243.408124,52805.089715,51319.779021,1485.310694,0.2,5.71,7.38,0.23249574833212,2.70869198242192,0.95550056680749,2022-02-01,13394.29016,13137.53574,8873.13769,4770.5015927485,4715.5889240968,13433.16109,6096.34247919794,4255.29352,7470.45570923962,8873.13769,7519.7271,0,1353.41059,944.53862,513.51192982044,710959.181820149,-161215.587165747,91.7,98.01
"183",9226.323649,8057.640522,84.328312,0,7973.31221,15697.418471,40856.854735,14669.961447,24274.293134,1669.497377,0,243.102777,53794.56289,52310.591023,1483.971867,0.2,5.51,7.23,0.11243597066022,2.64413943251374,1.06901086380467,2022-03-01,15336.62543,15021.89301,10732.76467,5247.4500579366,5189.160430484,14791.19957,6856.34957641898,4537.97553,7985.51343928976,10732.76467,8192.64306,0,2540.12161,1519.98626,556.9012445126,962421.964051741,-254504.887207577,108.52,118.75
"184",8467.584946,7293.727668,85.152812,0,7208.574856,15154.875301,41243.653557,15244.426527,24119.3773,1643.325105,0,236.524625,54549.86653,53081.608063,1468.258467,0.2,5.79,7.04,0.59364785176325,2.89418598853868,1.66900487559601,2022-04-01,14912.53085,14621.08776,9376.92678,5176.4648795091,5127.4941505482,14155.59757,6863.51128638219,4603.47231,7874.06339767276,9376.92678,8576.6008,0,800.32598,1521.85731,1769.90341966992,946410.350666444,-274754.329485823,101.77,104.37
"185",8184.033216,6427.226992,85.725187,0,6341.501805,15312.470982,41547.663359,15065.068637,24550.04257,1685.889122,0,246.66303,55220.140525,53768.306318,1451.834207,0.2,5.54,6.74,0.55741100618981,3.38157055096616,2.23571909865624,2022-05-01,15343.31591,15033.95148,9200.4216,4813.1547298475,4751.0015777766,14725.19223,6870.17749906408,4849.27863,8050.26804450433,9200.4216,7859.47357,30,1310.94803,1519.86866,634.5992642428,937522.214532624,-343655.455111891,109.86,113.13
"186",8584.609965,6249.970045,85.687406,0,6164.282639,15241.202088,41849.595004,15037.884018,24854.15659,1714.941435,0,242.612961,55625.210671,54205.49631,1419.714361,0.2,6.1,7.11,0.6482245421654,4.23476580568665,2.89843612071301,2022-06-01,12261.84889,11936.92409,9933.80082,4703.2114320678,4664.6838069053,12134.94425,6374.46845285061,5719.07548,7248.21343094253,9933.80082,8681.1914,26.71041,1225.89901,1346.97657,890.15980853032,1033048.50892902,-444861.566210039,114.36,123.56
"187",9016.414801,6851.729014,85.31812,0,6766.410894,14938.087039,42257.25244,14982.689767,25329.623892,1716.387025,0,228.551756,56225.208234,54880.08841,1345.119824,0.2,5.67,7.31,0.16023635546838,3.85529235625633,3.0633168245868,2022-07-01,14963.14209,14727.94335,9172.88047,4673.421822602,4629.6819997778,14480.26046,6524.15162872988,4827.46994,8542.65577835909,9172.88047,8300.06967,0,872.8108,1140.1804,1099.00480056337,817540.086973075,-348014.618489507,100.25,112.63
"188",9010.086241,6590.116027,86.496835,0,6503.619192,15303.908142,42844.175686,15151.021643,25709.97176,1758.109372,0,225.072911,56994.319923,55691.318721,1303.001202,0.2,5.76,8.09,0.02859861482433,3.7651552286571,3.09279150559064,2022-08-01,15326.32257,14965.62931,9766.03543,4571.5980322281,4548.8936430336,14729.71635,6625.9202952126,4892.44069,8801.51877315562,9766.03543,8326.97256,41.7332,1397.32967,942.65877,1029.74319036569,760863.033984239,-286189.150662151,91.57,99.62
"189",8381.258365,6076.227839,86.909392,0,5989.318447,15784.172286,43230.159173,15057.254949,26211.553032,1741.651165,0,219.700027,57772.789914,56483.530791,1289.259123,0.2,5.93,8.45,0.35691164376545,4.11917377349513,3.46074168235694,2022-09-01,14708.72805,14402.53262,9682.21987,4649.7643300997,4605.584075744,14043.48934,6594.69819356372,5137.27894,8911.59225943615,9682.21987,7593.09251,0,2089.12736,1107.20932,1095.83173901531,651053.958249748,-265271.204300264,84,89.82
"190",7739.196234,6540.379303,87.505689,0,6452.873614,15580.326012,43438.357479,14836.332845,26525.796864,1831.261355,0,244.966415,58340.608903,57081.616274,1258.992629,0.2,6.13,8.35,0.11674591060115,4.02414726118116,3.58152786734871,2022-10-01,15284.36592,14993.31854,9617.01504,3995.5351488363,3920.4488265373,14989.11907,6082.09982681299,5231.66006,9073.23120849409,9617.01504,8759.65247,8,849.36257,949.2002,939.56770582444,750778.2519297,-307238.909555712,87.26,93.11
"191",7532.397761,6146.58168,88.094463,0,6058.487217,15281.711289,43752.904498,14770.126155,26893.347121,1836.635464,0,252.795758,58747.718553,57583.913565,1163.804988,0.2,6.26,8.49,-0.00702074724407,3.64420736328825,3.57425567008559,2022-11-01,14675.72682,14337.75952,10578.69798,4852.9052675446,4797.4376847902,14229.10766,6227.5740083722,6231.31833,8441.87173212295,10578.69798,8745.08948,106.5,1727.1085,947.84166,420.89550925863,707807.505480804,-327678.584917968,84.15,91.1
"192",8458.65221064,7318.1397007,87.66615294,0,7230.47354776,14985.42708842,45119.519669,15722.670463,27284.539951,1836.329933,0,275.979322,59046.53025362,57893.054704,1153.47554962,0.2,6.35,8.48,0.15774817213175,3.73764216520422,3.73764216520422,2022-12-01,15210.51664,14834.88874,11321.37783,5173.2294861949,5111.1518836322,14677.62057,6950.08964539024,5401.55217,9397.31107859385,11321.37783,10026.50951,24.5,1270.36832,950.59667,1029.63331148673,738539.875477133,-183313.455844984,76.5,80.38
"193",8360.64326476,6898.43660923,87.12762918,0,6811.30898005,15304.35367782,44920.432118,15202.257435,27758.897247,1727.102108,0,232.175328,59252.63268177,58099.075417,1153.55726477,0.2,6.65,8.54,0.12058699235313,3.11891093528107,0.12058699235313,2023-01-01,15175.12057,14841.91573,8616.08005,5114.1657436331,5052.3858958275,14353.22824,7016.16021215315,5125.64715,9179.35465815633,8616.08005,7311.86849,0,1304.21156,1138.97191,965.91179080292,529451.857350485,-230686.999415901,78.19,82.86
"194",7887.48082187,6723.00253505,87.32465164,0,6635.67788341,14938.91920263,45386.015284,15097.505341,28199.120443,1851.100113,0,238.289387,59714.22306648,58582.382095,1131.84097148,0.2,6.8,8.78,0.01827729621218,2.89852359163641,0.13888632860709,2023-02-01,12476.16689,11782.30482,9067.18498,3986.868458037,3936.4979145353,10645.41462,5902.7572423755,5134.52652,8047.79871387348,9067.18498,7678.42533,86,1302.75965,571.84764,608.02876347676,520551.501421341,-198283.277341452,76.81,82.5
"195",8189.69426082,6794.66250605,87.70665,0,6706.95585605,15719.23728399,45980.645579,15320.205963,28538.959202,1872.294844,0,249.18557,60318.0031323,59220.906073,1097.0970593,0.2,6.92,8.96,0.0649852363323,2.84975232302885,0.20396182054827,2023-03-01,13843.29909,13917.80093,8798.33516,4730.8354963814,4671.1113127679,15255.10562,6592.16562528589,5713.7118,8513.34412002762,8798.33516,7673.7497,48.68885,1075.89661,950.35182,680.31513284275,513381.503528768,-183134.908158994,73.37,78.29
"196",8054.8887683,6356.21938266,87.18792757,0,6269.03145509,14614.20934787,46748.575169,15832.595064,28754.664948,1914.506951,0,246.808206,60779.94186735,59690.508858,1089.43300935,0.2,6.97,9.04,0.19621750825702,2.44340845074471,0.40057953760737,2023-04-01,14156.10644,13857.28727,8748.56081,5003.712116543,4960.0898558927,13838.16733,6821.33263760929,5684.83465,8026.08445733067,8748.56081,7986.83203,0,761.72878,1329.86749,993.84619843262,623518.430527501,-168267.700459218,79.44,84.9
"197",7530.47291472,6177.62907971,87.44015351,0,6090.1889262,14780.24221839,46584.831048,15429.929608,29014.029723,1880.214166,0,260.657551,61302.96067483,60185.62931,1117.33136483,0.2,6.86,8.96,0.08920858924363,1.96642469632117,0.4901454782053,2023-05-01,14693.47378,14323.48126,9898.01746,4284.847150295,4215.231580477,14166.14225,6320.18239619813,4861.7391,8849.479826055,9898.01746,8356.51027,29.614,1511.89319,1325.5378,1024.55342405476,579121.859809718,-119085.335308111,71.64,75.82
"198",6966.52893077,5864.45439822,87.72955958,0,5776.72483864,14493.64319481,46822.6577669999,15342.376965,29335.2034769999,1900.565475,0,244.511849999999,61800.5088209999,60755.5738959999,1044.934925,0.2,7.03,9.03,0.37371068602515,1.68831550395787,0.86568789025957,2023-06-01,14200.48431,13940.80561,9813.1549,4551.6830845629,4491.4838374262,13944.61799,6350.46614161772,4002.15383,8108.51401613529,9813.1549,9093.3665,130,589.7884,759.52687,740.81364032512,574126.486021159,-82401.4691610856,70.31,74.73
"199",6961.23063452999,5596.11725816,87.06795267,0,5509.04930549,14514.1666668,46983.5059709999,15139.6859859999,29673.093342,1893.512463,0,277.21418,62061.3456917299,61036.8700509999,1024.47564073,0.2,7.13,9.02,0.53904332219934,2.07290168056518,1.40939764522244,2023-07-01,14811.76433,14492.41143,9793.89576,3831.2128452595,3775.2271975234,14439.40526,6019.66851225657,5714.99831,8702.10384557329,9793.89576,8450.99663,77.802,1265.09713,949.15349,1253.1988068109,617910.571381685,-159593.901274761,75.85,80.09
"200",6358.58855977999,5562.71675302,86.8356785099999,0,5475.88107451,14669.97428286,47853.185832,15418.726782,30275.13531,1920.98539899999,0,238.338341,62490.4567503499,61492.1367609999,998.319989349999,0.2,7.31,9.29,0.50296889533519,2.55696675468681,1.91945537232468,2023-08-01,14908.76769,14567.80004,9634.49559,4350.828564018,4303.5725682847,14082.16691,6106.51806519816,5953.57717,8728.28916954737,9634.49559,8531.57413,107.887,995.03446,758.38557,734.04093251999,693188.911776754,-244381.64724112,81.41,86.14
"201",6312.1970598,5688.92713324999,87.2798794,0,5601.64725384999,14182.02245751,48118.201001,15207.57128,30713.920851,1974.520244,0,222.188626,63131.60005916,62100.996746,1030.60331316,0.2,7.4,9.49,0.03785330912446,2.23091392501491,1.95803525882473,2023-09-01,14482.67292,14144.22304,12069.75875,4461.7265203577,4421.930567944,13978.68739,6206.50941560464,6347.98745,8700.35102995162,12069.75875,10542.09365,62,1465.6651,760.50611,695.58267588566,930074.476510583,-277423.166181153,89.38,93.96
"202",6007.58692143,5627.59809717,87.72797213,0,5539.87012504,13959.71415841,48302.66842,15017.556693,31051.852847,1998.619398,0,234.639482,63510.11923343,62502.113312,1008.00592143,0.2,7.51,9.48,-0.17501801125315,1.93298881658054,1.77959033320194,2023-10-01,14957.00335,14677.02606,8491.09655,4617.0089166151,4563.3372014414,13623.10167,6704.0245602864,5400.85355,9224.53689380341,8491.09655,7811.72599,22,657.37056,759.445131,580.1645325214,663609.644069591,-247259.478913075,85.57,91.12
"203",5658.1125458,5266.02184244,86.689863,0,5179.33197944,14035.09963029,48419.312884,14613.607359,31496.02286,2033.869518,0,275.813147,63954.86035156,62970.642976,984.21737556,0.2,7.52,9.8,-0.39919960586112,1.53320111640149,1.37328660974474,2023-11-01,14702.04329,14316.08038,10500.93886,4342.5975055895,4293.3162395685,14230.30526,6002.84123062072,6776.70627,8927.36798810845,10500.93886,8772.59582,156.97057,1571.37247,757.95051,605.02700713928,676353.261232885,-217587.747332545,77.37,83.05
"204",4454.35657754,5571.64986124,87.25057062,0,5484.39929062,13390.20215782,49854.622472,15885.851946,31653.27492,2046.434832,0,269.060774,63991.11629396,62907.920764,1083.19552996,0.2,7.7,9.94,-0.02322558207052,1.3497420738656,1.3497420738656,2023-12-01,15068.240145,14376.7723,9602.73408,4744.5410376892,4691.4727676096,14496.96203,6378.15666290199,5365.26258,9084.58043456541,9602.73408,8830.34572,50,722.38836,569.6556,703.60468895427,605343.442820869,-118395.848287368,72.08,77.98
"205",4488.75036006999,4994.25316142,86.56804043,0,4907.68512099,13367.67671016,49394.628849,15189.286323,31952.67703,2018.111593,0,234.553903,63968.09257485,62899.908957,1068.18361785,0.2,7.74,10.14,0.12534569473642,1.35455919763247,0.12534569473642,2024-01-01,15204.63134,15153.9105,12018.4264,4248.2357703437,4201.4057827353,14696.49022,6267.8306132454,5043.2549,8157.40588093008,12018.4264,10681.57854,89.71749,1247.13037,946.3814,744.174756915652,752964.70970402,-147559.419265519,73.87,80.26
"206",5086.40235796,5144.72331244,85.57788801,0,5059.14542443,13786.1408423,50176.558129,15310.549496,32575.715621,2048.033241,0,242.259771,64212.78722019,63115.842083,1096.94513719,0.2,7.95,10.34,0.09281704006089,1.43009482056782,0.21827907696101,2024-02-01,14084.63421,13766.62147,9825.17157,3836.1839938155,3808.0720085663,14288.74252,5796.24181311413,4521.58927,7908.04364127226,9825.17157,9160.3919,0,664.77967,757.68004,717.193838373324,685073.44372689,-162431.057445006,76.89,83.9
"207",5299.90498879,5334.90827162,86.40447723,0,5248.50379439,13620.35983972,50692.5337959999,15352.717795,32997.0392119999,2077.794527,0,264.982262,64832.01966564,63733.194567,1098.82509864,0.2,7.93,10.53,0.28804096033355,1.65619352214943,0.50694877044405,2024-03-01,14970.55487,14628.42991,10796.781797,3989.137962425,3950.0456554481,14795.89375,6029.38345753662,5006.89805,8527.31379302748,10796.781797,9416.44233,59.43524,1320.904227,757.86653,736.948040042703,740069.977810964,-185789.294196044,80.49,85.44
"208",5993.67954124,5616.86987159,86.38061388,0,5530.48925771,13347.31773152,51304.408722,15769.026487,33160.249274,2120.28879,0,254.844171,64913.34105874,63789.027805,1124.31325374,0.2,8.11,10.87,1.27309989240956,2.74876734146534,1.7865026271047,2024-04-01,14468.69845,14175.82898,10490.71495,4501.0654776382,4412.7652876382,15272.21976,6285.9983519122,5986.89551,8989.89256545208,10490.71495,9798.05843,0,692.65652,571.15273,839.55798345713,797142.607486424,-201351.812587208,84.59,89.89
"209",6740.05150394,5888.39856304,86.47073829,0,5801.92782475,13601.07190892,52000.331785,15763.456905,33787.192457,2200.892077,0,248.790346,65138.02168267,64035.136461,1102.88522167,0.2,8.27,11.12,-0.11919404273429,2.53482705910857,1.66517917966561,2024-05-01,15019.33611,14685.62963,11190.02557,3928.2430791819,3870.0524288786,14758.76818,5855.77398292503,6347.18786,9084.84859703684,11190.02557,9489.00318,331.77763,1369.24476,758.29153,821.230148876908,730888.644955131,-166650.456525313,78.73,81.82
"210",7090.04930779,6110.70540678,86.5504543,0,6024.15495248,13830.26177903,52656.963568,15923.940255,34253.666743,2235.387858,0,243.968712,65643.0412781,64444.802529,1198.2387491,0.2,8.44,11.4,-0.95207113496268,1.18050022587709,0.69725435438793,2024-06-01,13402.68573,12902.8383,8178.41976,3871.1179874763,3827.0109373629,11484.85311,5829.26788866107,5953.89129,8232.98442924724,8178.41976,7733.1255,0,445.29426,381.4772,954.196182258384,582032.370142469,-138549.72730596,79.03,82.4
"211",7232.98946559,6171.28233318,86.57363305,0,6084.70870013,13716.4213085,53175.125626,15911.436385,34776.452209,2217.671662,0,269.56537,65855.91092538,64653.920739,1201.99018638,0.2,8.45,11.63,0.93039289572288,1.5743466789948,1.63413445508915,2024-07-01,14401.88562,14260.79963,9117.92704,4246.4938287987,4220.8835900063,15321.789,6300.51254914001,5362.82558,8783.0337541038,9117.92704,7784.83727,263.00309,1070.08668,946.92472,937.250848892753,642063.965110674,-123396.820207129,80.83,85.25
"212",8410.06547327,6813.69380667,87.34933,0,6726.34447667,14109.70917102,54135.655743,16381.764614,35351.507741,2151.561914,0,250.821474,66199.73363458,64941.078208,1258.65542658,0.2,8.37,11.12,0.21629149417225,1.28461325071088,1.85396044309109,2024-08-01,14790.7359,14519.54525,11933.75834,4455.7498246335,4437.7331314349,15263.45314,6010.24781562371,6632.25765,9509.43431746688,11933.75834,11384.77043,0,548.98791,378.14517,1390.42899984531,799122.266089663,-120268.06201486,75.55,80.72
